Bantam_3p	NA	AAAGACC	1
Bantam_3p	NA	GAGAUCA	74
Bantam_3p	NA	GAGAUCG	4
Bantam_3p	NA	GAGAUGA	1
Bantam_3p	NA	GAGAUUA	1
Iab-4_3p	NA	GGAUACA	6
Iab-4_5p	ACGUAUA	NA	1
Iab-4_5p	CGUAUAC	NA	21
Iab-4_5p	UACGUAU	NA	11
Let-7_3p	NA	CAGAUUU	1
Let-7_5p	GAAGUAG	NA	1
Let-7_5p	GAGGUAG	NA	624
Let-7_5p	UGAGGUA	NA	1
Lsy-6_3p	NA	UUUGUAU	2
Mir-1000_5p	UAUUGUC	NA	13
Mir-1001_5p	GGGUAAA	NA	3
Mir-1003_3p	NA	CUCACAU	5
Mir-1003_5p	UGAGUAA	NA	1
Mir-1006_3p	NA	AAAUUCG	5
Mir-1007_3p	NA	AAGCUCA	4
Mir-1010_3p	NA	UUCACCU	5
Mir-10182_3p	NA	CGGCCCG	1
Mir-101_3p	NA	ACAGUAC	80
Mir-10293_3p	NA	AAUUCGA	1
Mir-10355_5p	AUUACCG	NA	13
Mir-10378_3p	NA	CUAUCAU	1
Mir-103_3p	NA	AGCAGCA	6
Mir-103_3p	NA	GCAGCAU	129
Mir-103_5p	GCCAUUG	NA	1
Mir-10485_5p	CAGUCUA	NA	1
Mir-10585_5p	GAUGAAA	NA	1
Mir-105_5p	CAAAUGC	NA	20
Mir-105_5p	CAAGUGC	NA	2
Mir-10651_3p	NA	GAGCAGG	1
Mir-10_3p	NA	AAAUUCG	5
Mir-10_3p	NA	AAGCUCG	30
Mir-10_3p	NA	AAGCUCU	1
Mir-10_3p	NA	AAUUCGA	2
Mir-10_3p	NA	CAAGCUC	1
Mir-10_3p	NA	CAGAUCA	1
Mir-10_3p	NA	CAGGGUU	1
Mir-10_3p	NA	CAGGUUA	1
Mir-10_3p	NA	GAAGCUC	11
Mir-10_3p	NA	UCUCGUU	3
Mir-10_3p	NA	UUACCCU	1
Mir-10_5p	ACACUGU	NA	2
Mir-10_5p	ACCCGUA	NA	180
Mir-10_5p	ACCCUGU	NA	179
Mir-10_5p	ACCUGAG	NA	1
Mir-10_5p	ACCUGUA	NA	1
Mir-10_5p	CCCGUAG	NA	3
Mir-10_5p	CCCUGAG	NA	192
Mir-10_5p	CCCUGUA	NA	22
Mir-10_5p	CCCUUAG	NA	1
Mir-10_5p	CCUGAGA	NA	3
Mir-10_5p	CUCUGUA	NA	1
Mir-10_5p	NA	CCCUGAG	1
Mir-10_5p	UACCCUG	NA	22
Mir-10_5p	UCUCGUU	NA	1
Mir-10_5p	UCUGUAU	NA	1
Mir-10_5p	UUACCCU	NA	12
Mir-11183_5p	CCCAGGU	NA	1
Mir-11187_5p	CGUCAUA	NA	1
Mir-11217_3p	NA	UGGCCUG	1
Mir-11223_5p	AUAGUCU	NA	1
Mir-11228_3p	NA	CAGGUGU	1
Mir-11230_5p	AAACCGC	NA	1
Mir-11236_5p	CUCCCAU	NA	1
Mir-11272_3p	NA	ACACUUG	1
Mir-11275_3p	NA	UGUUGGG	1
Mir-11275_5p	CAGCCCC	NA	1
Mir-11278_5p	GGGAGAA	NA	1
Mir-11617_3p	NA	AGUACUU	3
Mir-11617_3p	NA	UGUACUU	1
Mir-11617_5p	GUUGGCA	NA	1
Mir-11617_5p	GUUGUCA	NA	1
Mir-11617_5p	UUGGCAU	NA	2
Mir-11618_3p	NA	AGUACAG	1
Mir-11618_3p	NA	AUACCGA	3
Mir-11618_3p	NA	UGAUCGG	2
Mir-11618_5p	GUUAGCA	NA	3
Mir-11619_3p	NA	GAAGAGU	2
Mir-11619_3p	NA	GAAGCGU	1
Mir-11619_3p	NA	GAGGAGU	1
Mir-11619_3p	NA	UGAGGAG	1
Mir-11619_5p	GAGAGUU	NA	1
Mir-11621_3p	NA	AACGAUU	3
Mir-11621_5p	UAAAGCG	NA	3
Mir-11622_5p	AAAGGAA	NA	1
Mir-11624_3p	NA	GAUAUGC	4
Mir-11624_5p	UUGAGAC	NA	1
Mir-11624_5p	UUGGGAC	NA	1
Mir-11626_3p	NA	GAGUUGA	1
Mir-11626_5p	GGCAUGA	NA	1
Mir-11630_3p	NA	UCAAAUU	1
Mir-11634_5p	UUGGGAG	NA	1
Mir-11635_3p	NA	CUUUGGA	1
Mir-11636_3p	NA	UUUAGGA	1
Mir-11636_5p	GAGGUCU	NA	1
Mir-1175_3p	NA	GAGAUUC	54
Mir-1175_5p	AGUGGAG	NA	3
Mir-1175_5p	GUAGAAU	NA	1
Mir-1175_5p	GUGGAGA	NA	1
Mir-1175_5p	GUGGAGC	NA	1
Mir-1175_5p	UAAGGAG	NA	1
Mir-1180_3p	NA	UUCCGGC	6
Mir-11893_3p	NA	UCCUGAC	2
Mir-11895_3p	NA	UCAUGCA	1
Mir-11895_5p	GCAGGAG	NA	1
Mir-11899_5p	AUGUAUG	NA	2
Mir-11900_3p	NA	UUUUUUU	1
Mir-11911_5p	GUUGAUC	NA	1
Mir-11935_3p	NA	CUCCAGA	1
Mir-11937_5p	GAAGACC	NA	1
Mir-11968_3p	NA	AACUGAG	1
Mir-11968_5p	UUUCCAA	NA	1
Mir-11989_5p	CCCAGGG	NA	1
Mir-1198_5p	AUGUGUU	NA	1
Mir-11995_3p	NA	UAGCAGA	1
Mir-12072_5p	GGGCUGC	NA	1
Mir-12073_5p	UCAGAGU	NA	1
Mir-12074_3p	NA	CAGAAGU	1
Mir-12074_5p	CUGAAAU	NA	1
Mir-12076_5p	CUGGCCC	NA	1
Mir-12078_5p	GGUGGAA	NA	1
Mir-12079_3p	NA	CAUGGGA	1
Mir-12080_3p	NA	AACGUCC	1
Mir-12080_5p	CGCUCUU	NA	1
Mir-12081_3p	NA	GAGCUAA	1
Mir-12082_5p	AGCCAAC	NA	1
Mir-12083_3p	NA	UCCAUCU	1
Mir-12084_3p	NA	CGCGGCU	1
Mir-12084_5p	GCCUGGG	NA	1
Mir-12085_3p	NA	UUGUUUG	1
Mir-12086_5p	UUUCGGC	NA	1
Mir-12087_3p	NA	UAUCUGU	1
Mir-12090_3p	NA	CUCACGG	1
Mir-12091_5p	GACAGUC	NA	1
Mir-12092_3p	NA	CUAGCCG	1
Mir-12093_3p	NA	CAGCCCC	1
Mir-12094_3p	NA	GACUGUU	1
Mir-12095_5p	GGCCAAG	NA	1
Mir-12223_5p	AGUUCAG	NA	1
Mir-12246_5p	UGGGUGG	NA	1
Mir-12265_5p	UGGCUGU	NA	1
Mir-12277_3p	NA	UUGGGUG	1
Mir-12298_3p	NA	CAUUCCC	1
Mir-122_5p	GGAGUGU	NA	44
Mir-122_5p	UUAGUGU	NA	1
Mir-12316_3p	NA	UGAAAGG	5
Mir-12325_3p	NA	AAGCAUU	1
Mir-12337_5p	GUUGUGA	NA	1
Mir-12355_5p	CGGAGGU	NA	3
Mir-12358_5p	ACCGAUG	NA	3
Mir-12366_3p	NA	UCAAAGG	3
Mir-12380_5p	UCCCUCC	NA	3
Mir-12404_5p	GGUGAAG	NA	2
Mir-12462_3p	NA	UAGAUGA	3
Mir-12463_3p	NA	AUAAACU	1
Mir-12463_3p	NA	GUGCAGG	2
Mir-12463_5p	AUAAACU	NA	2
Mir-12463_5p	GUGCAGA	NA	1
Mir-12464_3p	NA	UCAUCAU	1
Mir-12464_5p	CGAUGAU	NA	1
Mir-12465_3p	NA	UCAACAC	3
Mir-12466_3p	NA	AUCACAG	3
Mir-12467_3p	NA	GAACUGU	1
Mir-12467_5p	UUUCUCC	NA	3
Mir-12468_5p	AGUAAUG	NA	3
Mir-12469_3p	NA	AAGUUGG	2
Mir-12469_5p	ACUCACA	NA	2
Mir-12470_5p	GGCAGCA	NA	3
Mir-12471_3p	NA	ACGUGUG	2
Mir-12472_3p	NA	CCCCCGG	3
Mir-12473_3p	NA	AUAUCAG	2
Mir-12473_5p	CACUUGC	NA	1
Mir-12474_3p	NA	AUGAUGG	2
Mir-12475_3p	NA	AAUAUGU	1
Mir-12475_3p	NA	AAUGUGU	4
Mir-12475_3p	NA	CAAUGUG	1
Mir-12475_5p	AAACACU	NA	5
Mir-12475_5p	AAACGCU	NA	3
Mir-12475_5p	AACGCUC	NA	1
Mir-12475_5p	AAGCACU	NA	1
Mir-12475_5p	ACACGGU	NA	1
Mir-12475_5p	AGACAUC	NA	3
Mir-12475_5p	AGACAUU	NA	7
Mir-12475_5p	AGCCAUU	NA	2
Mir-12475_5p	AGCCUUU	NA	3
Mir-12475_5p	AGGCACU	NA	1
Mir-12475_5p	AUACGGU	NA	3
Mir-12475_5p	CACCUUC	NA	2
Mir-12475_5p	CACUUCU	NA	1
Mir-12475_5p	CGUCGUU	NA	1
Mir-12475_5p	UCCAUUC	NA	1
Mir-12475_5p	UCUGGUC	NA	1
Mir-12475_5p	UGACAUC	NA	1
Mir-12475_5p	UGCAUCC	NA	1
Mir-12475_5p	UGGCAUC	NA	1
Mir-12476_3p	NA	UAUGCUU	2
Mir-12477_3p	NA	CCUAGAA	1
Mir-12477_5p	GAGGCUU	NA	4
Mir-12478_5p	GCUGGAG	NA	3
Mir-12479_5p	CCACUAG	NA	3
Mir-1247_3p	NA	GGGAACG	1
Mir-1247_5p	CCCGUCC	NA	15
Mir-12480_5p	UCCCCUU	NA	3
Mir-12481_3p	NA	UUGGCGC	3
Mir-12481_5p	CACCGAU	NA	3
Mir-12482_3p	NA	UUCCUGC	3
Mir-12483_3p	NA	GAAGUGA	1
Mir-12483_5p	UAGCAAU	NA	2
Mir-12484_5p	AGGGAUC	NA	3
Mir-12485_5p	GAUCGGA	NA	3
Mir-12486_3p	NA	UGCUGAC	3
Mir-12487_3p	NA	UUCUAAU	2
Mir-12488_5p	UUUUUGC	NA	2
Mir-12489_3p	NA	GAGCCUC	3
Mir-12489_3p	NA	GCCUACG	1
Mir-12489_3p	NA	GCUUUCG	1
Mir-12489_5p	AGUGGUC	NA	4
Mir-12490_3p	NA	AAAGGUG	2
Mir-12491_3p	NA	UCUUCCU	1
Mir-12491_3p	NA	UCUUGCU	1
Mir-12492_3p	NA	CAUGAUA	2
Mir-12493_3p	NA	CCCUGGU	2
Mir-12494_3p	NA	GGCCUAA	2
Mir-12494_3p	NA	GGCCUAG	2
Mir-12494_5p	UACGGGA	NA	1
Mir-12494_5p	UCCGGGA	NA	1
Mir-12494_5p	UCCGUGG	NA	1
Mir-12495_3p	NA	UAGCUUG	2
Mir-12495_3p	NA	UUAGCUU	1
Mir-12496_3p	NA	UGUGCAU	5
Mir-12497_3p	NA	CCAGAGA	3
Mir-12498_3p	NA	GGGGAUG	4
Mir-12499_5p	ACACCCG	NA	4
Mir-1249_3p	NA	ACGCCCU	1
Mir-1249_3p	NA	CGCCCUU	14
Mir-124_3p	NA	AAGGCAC	233
Mir-124_5p	GCAUUCA	NA	1
Mir-124_5p	GUAUUCA	NA	1
Mir-124_5p	GUGUUCA	NA	4
Mir-124_5p	UGUUCAC	NA	1
Mir-124_5p	UGUUUAC	NA	1
Mir-12500_3p	NA	UGUCGGC	4
Mir-12501_3p	NA	CGGUCAU	4
Mir-12502_3p	NA	GUUCCUA	3
Mir-12502_3p	NA	GUUCCUG	1
Mir-12503_5p	GAACCAU	NA	4
Mir-12504_5p	UUGCUAU	NA	4
Mir-12505_3p	NA	GGAACAU	4
Mir-12506_3p	NA	AGGAUCU	5
Mir-12507_3p	NA	UGGCGGA	3
Mir-12507_3p	NA	UGGGGGA	1
Mir-12508_5p	GGUUUUG	NA	3
Mir-12509_5p	UUGGCAU	NA	4
Mir-12510_3p	NA	UAGCUGU	3
Mir-12511_3p	NA	CCACGGU	3
Mir-12512_3p	NA	CCGCUGU	3
Mir-12513_5p	CCGAUUG	NA	1
Mir-12513_5p	UCCGAUU	NA	2
Mir-12514_3p	NA	AAAGGGU	1
Mir-12514_5p	GCAAGAC	NA	2
Mir-12515_5p	AGAUUCG	NA	3
Mir-12516_5p	GUCUGUG	NA	3
Mir-12517_3p	NA	UCGGGAG	5
Mir-12518_5p	AUUAGAA	NA	2
Mir-12519_3p	NA	GCUCUGU	1
Mir-12519_5p	UUUCUGU	NA	3
Mir-1251_5p	CUCUAGC	NA	18
Mir-12520_5p	CCUUGAU	NA	3
Mir-12521_3p	NA	UUAGUGC	3
Mir-12522_3p	NA	UUAAGAC	3
Mir-12522_5p	UCGUGUA	NA	1
Mir-12523_3p	NA	GAGAACA	3
Mir-12523_5p	GUGGCAU	NA	1
Mir-12524_3p	NA	GUCAACA	1
Mir-12524_5p	CAUCCAC	NA	3
Mir-12525_3p	NA	AGAAUUC	2
Mir-12525_5p	GACAUAA	NA	1
Mir-12526_3p	NA	UUCCCGC	3
Mir-12527_5p	GAACCAA	NA	1
Mir-12527_5p	GGAACCA	NA	2
Mir-12528_3p	NA	AUGGCAU	1
Mir-12528_5p	ACGUGUC	NA	3
Mir-12529_3p	NA	UGUUGAC	3
Mir-12529_5p	CGAUGGA	NA	2
Mir-1252_5p	GAAGGAA	NA	3
Mir-12530_5p	GAAGAGA	NA	3
Mir-12531_3p	NA	CGAUAGC	2
Mir-12531_5p	GACGAGC	NA	3
Mir-12532_3p	NA	CCGCGAU	3
Mir-12532_5p	ACGAACA	NA	1
Mir-12533_3p	NA	AGCCCAG	3
Mir-12533_5p	UUUUCCA	NA	1
Mir-12534_3p	NA	CCGCGAU	2
Mir-12535_3p	NA	UCAUCAU	3
Mir-12536_3p	NA	GCCUUGC	3
Mir-12537_3p	NA	UAAACCC	3
Mir-12538_5p	UCCGGAG	NA	3
Mir-12539_5p	CUGUGCA	NA	3
Mir-12540_3p	NA	AUCAAGA	3
Mir-12541_3p	NA	UCGGCUC	3
Mir-12542_5p	GCUGGAA	NA	3
Mir-12543_3p	NA	ACCAAAG	1
Mir-12543_5p	CUCCAAC	NA	2
Mir-12544_3p	NA	ACGCGUU	3
Mir-12545_5p	GCAAAGG	NA	3
Mir-12546_3p	NA	AGCAAUG	2
Mir-12546_5p	ACCCCAG	NA	1
Mir-12546_5p	CCCUAGA	NA	1
Mir-12547_5p	GUCUCAU	NA	3
Mir-12548_3p	NA	UAGCUGG	1
Mir-12548_5p	CCCUGCC	NA	3
Mir-12549_5p	UUUCCCG	NA	3
Mir-12550_5p	GAUCGGU	NA	3
Mir-12551_3p	NA	CCACGCU	1
Mir-12551_5p	GCUAGCA	NA	3
Mir-12552_5p	AAAAUUC	NA	3
Mir-12553_5p	GCCCUAU	NA	2
Mir-12554_3p	NA	AAACUCA	2
Mir-12555_5p	AUUUAAG	NA	2
Mir-12556_5p	UUCCGUA	NA	2
Mir-12557_3p	NA	UUGGACU	2
Mir-12558_3p	NA	GAAUCUU	2
Mir-12558_5p	CGGGGCC	NA	1
Mir-12559_3p	NA	CCCAAUC	1
Mir-12559_5p	GCUGGAA	NA	4
Mir-12560_3p	NA	AACACUU	1
Mir-12560_5p	GAGAAAA	NA	1
Mir-12561_3p	NA	UGUCCAU	2
Mir-12561_5p	CUACUUG	NA	1
Mir-12562_3p	NA	GUCCUUC	2
Mir-12563_3p	NA	CAAUUUC	2
Mir-12564_3p	NA	GGGUGAG	2
Mir-12565_5p	UCGGUCA	NA	2
Mir-12566_3p	NA	AAAUGCG	2
Mir-12566_3p	NA	UAAAUGC	2
Mir-12566_5p	GUGAUUU	NA	2
Mir-12567_3p	NA	AAGCAAG	2
Mir-12568_5p	CUGAGUU	NA	2
Mir-12569_5p	UAUCGAA	NA	2
Mir-12570_3p	NA	UAUAAUU	2
Mir-12571_5p	CAUGAUC	NA	2
Mir-12572_3p	NA	AUCUCAU	2
Mir-12572_5p	CUCAUGU	NA	1
Mir-12573_5p	GAACAUU	NA	2
Mir-12574_5p	GCUCGUC	NA	2
Mir-12575_5p	GUAGCCA	NA	2
Mir-12576_3p	NA	CGAUGAU	2
Mir-12576_5p	GUGCCUC	NA	1
Mir-12577_3p	NA	GUGUCCC	2
Mir-12578_3p	NA	AGGAGCU	2
Mir-12579_3p	NA	CAGUCGG	2
Mir-12580_5p	ACCGCUU	NA	2
Mir-12581_5p	GUGCUGU	NA	2
Mir-12582_5p	GUUUAUG	NA	2
Mir-12583_5p	GCACGAC	NA	2
Mir-12584_5p	CUGAGCA	NA	2
Mir-12585_5p	CUGCUGA	NA	2
Mir-12586_5p	CCUGCGG	NA	2
Mir-12587_3p	NA	CUGACGC	2
Mir-12588_5p	GUGAUAG	NA	2
Mir-12589_3p	NA	UUGUAGA	2
Mir-12590_3p	NA	CUGGCGG	5
Mir-12591_3p	NA	UGGCUUG	1
Mir-12591_5p	UCCCUGU	NA	1
Mir-12592_3p	NA	UUGACAU	2
Mir-12593_3p	NA	AUUCUCU	2
Mir-12593_3p	NA	CAUUCUC	5
Mir-12593_5p	CCACUCU	NA	2
Mir-12594_3p	NA	UAUCAGU	5
Mir-12594_5p	AGUAAUG	NA	1
Mir-12595_3p	NA	AUCUGAC	7
Mir-12596_5p	AGAUGUA	NA	4
Mir-12597_5p	UGCACAA	NA	3
Mir-12598_5p	ACUGUUC	NA	8
Mir-12598_5p	ACUGUUU	NA	8
Mir-12598_5p	CACUGUU	NA	9
Mir-12599_5p	ACUAAAA	NA	4
Mir-12600_3p	NA	GACUAGG	2
Mir-12601_5p	AGGCCAU	NA	3
Mir-12602_3p	NA	UUCACAA	2
Mir-12603_5p	GUGAUGU	NA	2
Mir-12604_3p	NA	CUGGGUU	2
Mir-12605_3p	NA	UGCACUG	2
Mir-12606_3p	NA	AAAGCUC	1
Mir-12606_5p	CUUGGUU	NA	2
Mir-12607_3p	NA	ACUGGGU	2
Mir-12608_3p	NA	CACUGGG	2
Mir-12608_5p	GGGGGAA	NA	1
Mir-12609_5p	AUCGCGU	NA	4
Mir-12610_3p	NA	AUAUCUG	1
Mir-12611_5p	CGAUAAC	NA	1
Mir-12612_3p	NA	CUACCUG	1
Mir-1264_3p	NA	AAAUCUU	2
Mir-1264_3p	NA	AAGUCUU	12
Mir-1264_5p	GGUCCUC	NA	4
Mir-1266_5p	CUCAGGG	NA	3
Mir-1266_5p	UUAGGGG	NA	1
Mir-1269_3p	NA	UGGACUG	3
Mir-126_3p	NA	CGUACCG	43
Mir-126_5p	AUUAUUA	NA	2
Mir-1270_5p	GGGAGAG	NA	1
Mir-1270_5p	UGGAGAG	NA	2
Mir-1270_5p	UGGAGAU	NA	1
Mir-1271_3p	NA	GUGCCUG	2
Mir-1271_5p	UUAGCAC	NA	1
Mir-1271_5p	UUGGCAC	NA	11
Mir-1276_5p	AAAGAGC	NA	1
Mir-1277_3p	NA	ACGUAGA	2
Mir-1277_5p	AUAUAUA	NA	9
Mir-1278_3p	NA	AGAACCA	1
Mir-1278_3p	NA	AGUACUG	1
Mir-127_3p	NA	CGGAUCC	15
Mir-127_5p	UGAAGCU	NA	2
Mir-1286_3p	NA	GCAGGAC	2
Mir-1286_3p	NA	GUGGGAC	1
Mir-1287_5p	GCUGGAU	NA	1
Mir-128_3p	NA	CACAGUG	89
Mir-1294_5p	GUGAGGU	NA	4
Mir-1295_3p	NA	UAGGCCA	1
Mir-1295_3p	NA	UAGGCCG	2
Mir-1295_3p	NA	UAGGCUG	1
Mir-1296_5p	UAGGGCC	NA	13
Mir-1298_5p	UCAUUCA	NA	2
Mir-1298_5p	UCAUUCG	NA	12
Mir-129_3p	NA	AGCCCUU	30
Mir-129_5p	CCUUCUG	NA	3
Mir-129_5p	CUUUUUG	NA	2
Mir-129_5p	UUUUUGC	NA	78
Mir-12_3p	NA	GGUAACG	1
Mir-12_3p	NA	GUACCUA	1
Mir-12_3p	NA	GUGCCUU	1
Mir-12_5p	AGUAUUA	NA	1
Mir-12_5p	GAGUAUU	NA	55
Mir-1301_3p	NA	UGCAGCU	11
Mir-1306_3p	NA	ACGUUGG	2
Mir-1306_5p	CACCUCC	NA	39
Mir-1306_5p	CAGCUCC	NA	1
Mir-1307_3p	NA	CUCGGCG	5
Mir-1307_5p	CGACCGG	NA	6
Mir-130_3p	NA	AAUGCAA	1
Mir-130_3p	NA	AGUGCAA	235
Mir-130_3p	NA	AGUGCCA	1
Mir-130_5p	CCCCUUU	NA	1
Mir-130_5p	CUAUGAC	NA	1
Mir-130_5p	CUCUGAC	NA	2
Mir-130_5p	CUCUUUC	NA	4
Mir-130_5p	CUCUUUU	NA	1
Mir-130_5p	CUGACGA	NA	1
Mir-130_5p	CUUUGAC	NA	1
Mir-1327_5p	AAAAGGC	NA	1
Mir-1329_5p	ACAGUGA	NA	24
Mir-1329_5p	ACGGUGA	NA	1
Mir-132_3p	NA	AACAGUC	72
Mir-132_3p	NA	CAGUCUU	1
Mir-132_5p	CCAUGGC	NA	1
Mir-132_5p	CCGUGGC	NA	12
Mir-132_5p	CCUUGGC	NA	30
Mir-1332_3p	NA	AUUGGUU	1
Mir-1338_5p	AGGGAGC	NA	1
Mir-1339_5p	GAUGCAA	NA	1
Mir-133_3p	NA	UGGUCCC	54
Mir-133_3p	NA	UUGGUCC	155
Mir-133_5p	CUGGUUG	NA	1
Mir-133_5p	GCUGGCU	NA	1
Mir-1340_3p	NA	GCUGUCC	1
Mir-1343_3p	NA	UCCUAGG	2
Mir-1343_3p	NA	UCCUGGG	8
Mir-134_3p	NA	GUGGGCC	1
Mir-134_5p	GUGACUG	NA	11
Mir-134_5p	GUGUGAC	NA	1
Mir-134_5p	UGUGACU	NA	1
Mir-1350_3p	NA	GUCAACU	1
Mir-1355_5p	GUUCCAG	NA	1
Mir-135_3p	NA	UGUAGGA	1
Mir-135_3p	NA	UGUAGGG	3
Mir-135_5p	AUGGCUU	NA	130
Mir-1360_5p	AGGCAGU	NA	1
Mir-1361_3p	NA	GACCUAG	1
Mir-1362_5p	ACCCCGC	NA	1
Mir-1363_5p	AGGGCCC	NA	1
Mir-1365_5p	ACUGGGC	NA	1
Mir-136_3p	NA	AUCAUCG	13
Mir-136_5p	CUCCAUU	NA	3
Mir-1374_5p	GUUUCCU	NA	1
Mir-1375_5p	GCUUCCU	NA	1
Mir-1376_3p	NA	AGAAAGU	1
Mir-1379_3p	NA	ACGGGCU	2
Mir-137_3p	NA	AUUGCUU	27
Mir-137_3p	NA	UAUUGCU	100
Mir-137_3p	NA	UUAUUGC	2
Mir-137_5p	CGGGUAU	NA	1
Mir-137_5p	GUAUUCC	NA	1
Mir-1380_3p	NA	UUUAGUC	1
Mir-1381_5p	CCCUCGC	NA	1
Mir-1388_3p	NA	UCUCAGG	10
Mir-1388_5p	GGACUGU	NA	24
Mir-1388_5p	GGGCUGU	NA	1
Mir-1389_3p	NA	CUGGGCU	1
Mir-138_5p	GCUGGUG	NA	82
Mir-1390_3p	NA	GCACACU	1
Mir-1391_5p	GCCAGUA	NA	1
Mir-1395_3p	NA	CCUGAAG	1
Mir-1397_3p	NA	UGUAACC	1
Mir-1397_5p	GCAUUGC	NA	11
Mir-1398_5p	CCCUUUG	NA	1
Mir-139_3p	NA	GGAGACG	1
Mir-139_5p	CUACAGU	NA	39
Mir-1400_3p	NA	AUCCCAC	1
Mir-1401_5p	UUCUGAC	NA	1
Mir-1405_3p	NA	GCAGCAA	1
Mir-1409_3p	NA	AGCGCAC	1
Mir-140_3p	NA	ACCACAG	1
Mir-140_3p	NA	CCACAGG	42
Mir-140_5p	AGUGGUU	NA	3
Mir-1416_5p	CCUUAAC	NA	6
Mir-1419_3p	NA	GAUAUCA	2
Mir-1419_3p	NA	GAUAUCG	4
Mir-1419_5p	CAGUGCU	NA	1
Mir-1419_5p	GUGCUCG	NA	1
Mir-1419_5p	GUGCUGG	NA	1
Mir-1419_5p	UGCUGGG	NA	1
Mir-1419_5p	UUACUGA	NA	1
Mir-1421_3p	NA	CGCAUGG	1
Mir-1421_3p	NA	CUGCAUA	1
Mir-1421_3p	NA	GCGUGGA	1
Mir-1421_5p	ACAGGUC	NA	1
Mir-1421_5p	ACAGGUU	NA	11
Mir-1421_5p	AGGUUAC	NA	2
Mir-1421_5p	AGUCACG	NA	1
Mir-1421_5p	AGUGGUC	NA	2
Mir-1421_5p	CGAGGUC	NA	1
Mir-1421_5p	GAGGUGG	NA	1
Mir-1421_5p	GAGUUGG	NA	1
Mir-1421_5p	GCAGGUC	NA	3
Mir-1421_5p	GGAAGUC	NA	1
Mir-1421_5p	GGAAGUU	NA	1
Mir-1421_5p	GGACGUC	NA	1
Mir-1421_5p	GGAGCUC	NA	2
Mir-1421_5p	GGAGGAC	NA	5
Mir-1421_5p	GGAGGCC	NA	5
Mir-1421_5p	GGAGGGC	NA	3
Mir-1421_5p	GGAGGUC	NA	4
Mir-1421_5p	GGGGGCC	NA	2
Mir-1421_5p	GGGGGUC	NA	3
Mir-1421_5p	GGUCACA	NA	1
Mir-1421_5p	GGUCACC	NA	1
Mir-1421_5p	GGUGGCC	NA	1
Mir-1421_5p	GGUGGUC	NA	4
Mir-1421_5p	GUAGGUC	NA	1
Mir-1421_5p	UUGAGGU	NA	1
Mir-1422_3p	NA	AAAAAUG	1
Mir-1422_3p	NA	AAACUGC	2
Mir-1422_3p	NA	AAACUGU	1
Mir-1422_3p	NA	AAAUCGU	1
Mir-1422_3p	NA	AAAUGGU	1
Mir-1422_3p	NA	CAACCCU	1
Mir-1422_3p	NA	GAAAACC	2
Mir-1422_3p	NA	GAAAAUC	3
Mir-1422_3p	NA	GGAAAAU	1
Mir-1422_5p	AAGUCAU	NA	1
Mir-1422_5p	AAGUCGU	NA	1
Mir-1422_5p	ACAAGAC	NA	1
Mir-1422_5p	AGUCCAG	NA	1
Mir-1422_5p	UUCAUUC	NA	1
Mir-142_3p	NA	AGUGUUU	1
Mir-142_3p	NA	UAGUGUU	1
Mir-142_5p	AUAAAGU	NA	51
Mir-143_3p	NA	GAGAUGA	41
Mir-144_3p	NA	ACAGUAU	24
Mir-144_3p	NA	UACAGUA	7
Mir-144_5p	GAUAUCA	NA	25
Mir-1451_5p	CGCACAG	NA	3
Mir-1452_5p	UGAGAUA	NA	1
Mir-145_3p	NA	UUGUUCU	1
Mir-145_5p	UCCAGUU	NA	40
Mir-1467_3p	NA	CACACCA	1
Mir-1467_3p	NA	UCACACC	2
Mir-146_5p	AAGAACU	NA	1
Mir-146_5p	GAGAACU	NA	84
Mir-147_3p	NA	UGUGCAA	1
Mir-147_3p	NA	UGUGCGG	32
Mir-147_3p	NA	UGUGUGG	1
Mir-147_5p	CGGAAUC	NA	1
Mir-147_5p	GCGGAAU	NA	1
Mir-148_3p	NA	CAGUGCA	103
Mir-148_3p	NA	CGGAGUG	1
Mir-148_5p	AAGUUCU	NA	4
Mir-148_5p	AGUUCUG	NA	1
Mir-148_5p	GGUUCUG	NA	1
Mir-1495_3p	NA	GUGUAAU	1
Mir-1497_3p	NA	UGAAGAA	1
Mir-149_5p	CUGGCUC	NA	15
Mir-14_3p	NA	CAGUCUU	12
Mir-1502_5p	GAACUUU	NA	3
Mir-1502_5p	UGAACUU	NA	1
Mir-150_3p	NA	CUGGUAC	1
Mir-150_5p	CUCCCAA	NA	35
Mir-151_3p	NA	UAGACUG	10
Mir-151_5p	CGAGGAG	NA	13
Mir-153_3p	NA	UGCAUAG	137
Mir-153_5p	AGCUUUU	NA	1
Mir-153_5p	CAUUUUU	NA	8
Mir-153_5p	CUGCUUG	NA	1
Mir-153_5p	GAGCUUU	NA	1
Mir-153_5p	UCAUUUU	NA	1
Mir-1540_3p	NA	CAUGCGC	3
Mir-1541_3p	NA	GGUGUGC	3
Mir-1542_3p	NA	AUUGAUC	3
Mir-1544_3p	NA	ACUUUCC	1
Mir-1544_3p	NA	CCUUUCC	2
Mir-1544_3p	NA	CUUUCCA	1
Mir-1544_3p	NA	CUUUUCU	4
Mir-1544_5p	CACCCAG	NA	1
Mir-1544_5p	GAACCCA	NA	1
Mir-1544_5p	GCACCCA	NA	8
Mir-1544_5p	GCACCGA	NA	1
Mir-1544_5p	GCACUCA	NA	2
Mir-1544_5p	GUGCCCU	NA	4
Mir-1544_5p	GUGUCCU	NA	6
Mir-1544_5p	GUGUUCU	NA	3
Mir-1546_5p	AGGGAUU	NA	3
Mir-1546_5p	CAGGGAU	NA	3
Mir-1547_5p	AUCAGAG	NA	3
Mir-1549_3p	NA	UCCGCCC	2
Mir-1549_5p	CCGGGCU	NA	1
Mir-154_3p	NA	AAAAUAC	1
Mir-154_3p	NA	AAAAUAU	1
Mir-154_3p	NA	AACAAAC	15
Mir-154_3p	NA	AACAUUC	15
Mir-154_3p	NA	AAUGUUG	12
Mir-154_3p	NA	ACAAUAC	5
Mir-154_3p	NA	ACAAUCA	1
Mir-154_3p	NA	ACACACC	20
Mir-154_3p	NA	ACAUUAC	13
Mir-154_3p	NA	ACGAACC	1
Mir-154_3p	NA	ACGCAGC	1
Mir-154_3p	NA	AGGACAC	14
Mir-154_3p	NA	AGGUCAC	12
Mir-154_3p	NA	AUAAUAC	13
Mir-154_3p	NA	AUAAUAG	1
Mir-154_3p	NA	AUACAAG	19
Mir-154_3p	NA	AUAUAAC	15
Mir-154_3p	NA	AUAUACA	1
Mir-154_3p	NA	AUAUUAU	13
Mir-154_3p	NA	AUCAUAC	17
Mir-154_3p	NA	AUCAUUC	4
Mir-154_3p	NA	AUCCAAG	1
Mir-154_3p	NA	AUCGUAC	15
Mir-154_3p	NA	AUGCAAG	3
Mir-154_3p	NA	AUGUAAC	2
Mir-154_3p	NA	AUGUAAU	11
Mir-154_3p	NA	AUGUAGU	2
Mir-154_3p	NA	AUGUCUG	8
Mir-154_3p	NA	AUGUGGG	15
Mir-154_3p	NA	CACAUUA	2
Mir-154_3p	NA	CCAAUAC	9
Mir-154_3p	NA	CCCAAUA	1
Mir-154_3p	NA	GAAACAU	14
Mir-154_3p	NA	GAAUAAU	1
Mir-154_3p	NA	GAGUAUU	15
Mir-154_3p	NA	GAUAUUG	3
Mir-154_3p	NA	GAUUCAU	1
Mir-154_3p	NA	GGUCACC	1
Mir-154_3p	NA	GUAUGUC	3
Mir-154_3p	NA	GUCAUAC	1
Mir-154_3p	NA	GUGACCU	1
Mir-154_3p	NA	UAAUACA	10
Mir-154_3p	NA	UAAUAUC	11
Mir-154_3p	NA	UACAAGG	2
Mir-154_3p	NA	UAUACAG	11
Mir-154_3p	NA	UAUACGG	3
Mir-154_3p	NA	UCACACA	13
Mir-154_3p	NA	UCACGCA	1
Mir-154_3p	NA	UCAUACA	7
Mir-154_3p	NA	UUCACCU	1
Mir-154_3p	NA	UUGUGAC	14
Mir-154_5p	AAGUUGU	NA	15
Mir-154_5p	AGGUUAU	NA	13
Mir-154_5p	AGGUUUU	NA	1
Mir-154_5p	AGUAGAC	NA	14
Mir-154_5p	GAGAAAU	NA	3
Mir-154_5p	GAGGAUA	NA	9
Mir-154_5p	GAGGCUG	NA	12
Mir-154_5p	GAGGCUU	NA	1
Mir-154_5p	GAGGUCU	NA	5
Mir-154_5p	GAGGUUG	NA	5
Mir-154_5p	GAGGUUU	NA	2
Mir-154_5p	GAUCGAC	NA	10
Mir-154_5p	GGUAGAC	NA	16
Mir-154_5p	GGUCGAC	NA	15
Mir-154_5p	GGUGGGC	NA	1
Mir-154_5p	GGUUACC	NA	5
Mir-154_5p	GUUGAUC	NA	8
Mir-154_5p	UGGUAGA	NA	3
Mir-154_5p	UGGUGGG	NA	1
Mir-154_5p	UGGUUAU	NA	2
Mir-1550_5p	GAUGGGG	NA	1
Mir-1551_5p	UAGCAGC	NA	1
Mir-1552_3p	NA	GCUAGCU	2
Mir-1552_5p	UAGUGCG	NA	2
Mir-1553_3p	NA	GUGGUGG	1
Mir-1555_3p	NA	AGGGUUA	1
Mir-1559_5p	UCGAUGC	NA	3
Mir-155_5p	UAAUGCU	NA	43
Mir-1560_3p	NA	GCAUCUC	1
Mir-1591_5p	GAUUCAU	NA	1
Mir-1596_5p	UUCUCCU	NA	1
Mir-15_3p	NA	AAAACAU	1
Mir-15_3p	NA	AAAACGU	1
Mir-15_3p	NA	AAACCAC	1
Mir-15_3p	NA	AAACCAU	4
Mir-15_3p	NA	AAUAUUA	1
Mir-15_3p	NA	CAAUAUU	1
Mir-15_3p	NA	CCAAUAU	1
Mir-15_3p	NA	GAGUGUU	1
Mir-15_3p	NA	GGGUAUU	1
Mir-15_3p	NA	UAAUCAU	2
Mir-15_5p	AGCAGCA	NA	265
Mir-15_5p	AGCAGCG	NA	19
Mir-1601_3p	NA	GUGUGAG	1
Mir-1601_5p	GCUCUGC	NA	1
Mir-1618_3p	NA	GAGCCCG	1
Mir-1641_5p	GAGGAUU	NA	3
Mir-1641_5p	GGGGAUU	NA	1
Mir-1651_3p	NA	UGCUUUU	1
Mir-1662_5p	UGACAUC	NA	13
Mir-1663_3p	NA	GGCAUCC	1
Mir-1663_5p	ACCGCUG	NA	1
Mir-1668_3p	NA	GCUGUGU	1
Mir-1669_3p	NA	UGGGCUC	1
Mir-1677_3p	NA	ACUUCAG	1
Mir-1677_3p	NA	CUAAAUU	1
Mir-1677_3p	NA	CUUCAAC	1
Mir-1677_3p	NA	CUUCACU	1
Mir-1677_3p	NA	CUUCUGU	1
Mir-1677_3p	NA	CUUUAAU	3
Mir-1677_3p	NA	GACUCCA	1
Mir-1677_3p	NA	GACUUAA	2
Mir-1677_3p	NA	GACUUCA	7
Mir-1677_3p	NA	UGACUUA	4
Mir-1677_3p	NA	UGACUUC	4
Mir-1677_3p	NA	UUGACUU	3
Mir-1677_3p	NA	UUUGAAU	1
Mir-1677_5p	CCAAAGC	NA	3
Mir-1677_5p	CCAGAGC	NA	2
Mir-1677_5p	GACCCAG	NA	1
Mir-1677_5p	UCUGCUC	NA	1
Mir-1685_3p	NA	CAGUAAU	1
Mir-1689_3p	NA	CGGUGAC	1
Mir-1720_3p	NA	AAGCAAC	3
Mir-1720_5p	AAUCACC	NA	1
Mir-1720_5p	GAUCACC	NA	5
Mir-1728_3p	NA	GGCUUCU	1
Mir-1729_3p	NA	UACUCGG	1
Mir-1729_5p	UCCCUUA	NA	3
Mir-1731_5p	CUUGACU	NA	1
Mir-1736_3p	NA	GCACCUU	1
Mir-1751_3p	NA	UGAAGGA	1
Mir-1774_3p	NA	CCCUGCU	1
Mir-1781_3p	NA	UUAAAUC	2
Mir-1781_3p	NA	UUUAAAU	1
Mir-1788_3p	NA	AGGCAGC	21
Mir-1788_5p	GCUUGUU	NA	7
Mir-17_3p	NA	CGCACUG	7
Mir-17_3p	NA	CUGCAAU	1
Mir-17_3p	NA	CUGCACA	2
Mir-17_3p	NA	CUGCAGU	1
Mir-17_3p	NA	CUGCCCU	5
Mir-17_5p	AAAGUGC	NA	227
Mir-17_5p	AAGGUGC	NA	84
Mir-17_5p	AAGUGCU	NA	1
Mir-1805_3p	NA	GUAUUGG	16
Mir-1805_5p	GUUGUAG	NA	1
Mir-1806_3p	NA	GGCAGGA	1
Mir-1817_5p	AGCCAAU	NA	2
Mir-1819_3p	NA	GGAAUGA	1
Mir-181_3p	NA	CCAUCGA	2
Mir-181_3p	NA	CCCGCUG	1
Mir-181_3p	NA	UCGCUGA	2
Mir-181_5p	ACAUUCA	NA	240
Mir-1821_3p	NA	GAGGUCU	1
Mir-1823_3p	NA	ACUGGAA	1
Mir-1829_5p	AGAGCGC	NA	1
Mir-1829_5p	AGCGAAA	NA	1
Mir-1829_5p	AGCGAUC	NA	1
Mir-1829_5p	AGGGGAC	NA	1
Mir-1830_3p	NA	CUAGGAA	1
Mir-1832_3p	NA	GGGCGGA	1
Mir-1832_3p	NA	GUGGGCA	1
Mir-1838_5p	CACCAGC	NA	1
Mir-1840_3p	NA	CACGUGA	1
Mir-1840_5p	GUUAGGG	NA	1
Mir-1842_5p	UGGCUCU	NA	7
Mir-1844_3p	NA	UCUGCCC	1
Mir-1844_5p	GGACUAC	NA	1
Mir-184_3p	NA	ACGGAGG	1
Mir-184_3p	NA	GGACGGA	171
Mir-184_5p	CUUGUCA	NA	3
Mir-185_5p	GGAGAGA	NA	15
Mir-186_5p	AAAGAAU	NA	19
Mir-187_3p	NA	CGUGUCU	35
Mir-188_3p	NA	UCCCACA	1
Mir-188_5p	ACCCAUU	NA	13
Mir-188_5p	AUCCCUU	NA	14
Mir-188_5p	AUGCCUU	NA	14
Mir-1890_3p	NA	GAAAUCU	2
Mir-1891_3p	NA	ACACGUC	1
Mir-1891_3p	NA	CACGUCC	2
Mir-1891_5p	GAGGAGU	NA	3
Mir-1908_5p	GGCGGGG	NA	4
Mir-190_3p	NA	CCAGGAA	3
Mir-190_3p	NA	CCAGGAG	1
Mir-190_3p	NA	CUAUAUA	2
Mir-190_5p	GAUAUGU	NA	157
Mir-1910_3p	NA	AGGCAGA	1
Mir-1911_5p	GAGUACC	NA	9
Mir-1912_3p	NA	ACAGAAC	2
Mir-1912_3p	NA	ACCCAGA	12
Mir-1913_3p	NA	CUGCCCC	1
Mir-1913_5p	CGGCAGA	NA	1
Mir-1914_5p	CCUGUGC	NA	2
Mir-191_5p	AACGGAA	NA	38
Mir-1929_5p	UCUAGGA	NA	1
Mir-192_5p	GACCUAU	NA	1
Mir-192_5p	UGACCUA	NA	65
Mir-192_5p	UGGCCUA	NA	1
Mir-1930_5p	CCUCCAU	NA	1
Mir-1933_3p	NA	CAGGACC	1
Mir-1934_3p	NA	GGAUGAC	1
Mir-193_3p	NA	AAUGCCC	104
Mir-193_3p	NA	ACUGGCC	110
Mir-193_3p	NA	ACUGGCU	7
Mir-193_3p	NA	CAAUGCC	1
Mir-193_3p	NA	CCUCGCC	1
Mir-193_3p	NA	UACUGGC	2
Mir-193_5p	AAGAUUU	NA	1
Mir-193_5p	GAGGUUG	NA	1
Mir-193_5p	GGAAUUU	NA	1
Mir-193_5p	GGGACUU	NA	4
Mir-193_5p	GGGAUUU	NA	3
Mir-193_5p	GGGGUUU	NA	5
Mir-193_5p	GGGUCUU	NA	12
Mir-193_5p	GUUGGGA	NA	5
Mir-1941_5p	AGGGAGA	NA	1
Mir-1943_5p	AGGGAGG	NA	1
Mir-1947_5p	GGACGAG	NA	1
Mir-1948_3p	NA	UUAGGCA	1
Mir-194_5p	GUAACAG	NA	71
Mir-1953_5p	GGGAAAG	NA	1
Mir-1955_5p	GUCCCAG	NA	2
Mir-1958_3p	NA	AGGAAAG	1
Mir-1960_5p	CAGUGCU	NA	1
Mir-1962_3p	NA	GAGGCUG	3
Mir-1964_3p	NA	CGACUUC	1
Mir-196_3p	NA	CAGGAAC	1
Mir-196_5p	AGGUAGU	NA	123
Mir-197_3p	NA	UCACCAC	12
Mir-197_5p	GGGUAGA	NA	1
Mir-1984_5p	GCCAUUU	NA	5
Mir-1984_5p	GCCCUAU	NA	12
Mir-1986_3p	NA	GGAUUUC	20
Mir-1986_5p	AAGGAUC	NA	1
Mir-1986_5p	CAGGGUC	NA	1
Mir-1987_3p	NA	CUGCCAG	3
Mir-1987_5p	AUAACUG	NA	1
Mir-1988_3p	NA	UGCGCAA	1
Mir-1988_5p	GUGGUUU	NA	2
Mir-1989_3p	NA	AAUGCAA	1
Mir-1989_3p	NA	AGGGCGU	1
Mir-1989_3p	NA	GAGGCAU	1
Mir-1989_5p	CAGCUGU	NA	26
Mir-1990_3p	NA	AGGACUA	1
Mir-1990_3p	NA	CGGGACU	4
Mir-1990_3p	NA	GGGACUA	15
Mir-1990_3p	NA	GGGAUUA	1
Mir-1990_5p	AAGUUGA	NA	3
Mir-1990_5p	GUAAGUU	NA	8
Mir-1992_3p	NA	CAGCAGU	29
Mir-1992_5p	AUUAGUG	NA	1
Mir-1992_5p	GCCAAUG	NA	1
Mir-1993_3p	NA	AUUAUGC	46
Mir-1993_5p	CGGAAAU	NA	1
Mir-1993_5p	CGGGAAU	NA	1
Mir-1993_5p	CGUGAAG	NA	2
Mir-1993_5p	CGUGAAU	NA	1
Mir-1993_5p	UGUGGAC	NA	1
Mir-1994_3p	NA	GAGACAG	44
Mir-1995_5p	UACAUCU	NA	5
Mir-1995_5p	UACAUUU	NA	1
Mir-1996_3p	NA	GGAUUAC	1
Mir-1996_5p	UCAAGUG	NA	8
Mir-1997_3p	NA	CUGCAGG	8
Mir-1997_5p	GGCUGAU	NA	1
Mir-1998_3p	NA	UGAACGC	3
Mir-1998_3p	NA	UUGAACG	3
Mir-1999_3p	NA	AUGUAGC	1
Mir-1999_3p	NA	GUAGCCA	4
Mir-199_3p	NA	CAGUAGU	107
Mir-199_5p	AACCAAU	NA	1
Mir-199_5p	CCAGUGU	NA	13
Mir-19_3p	NA	GUGCAAA	142
Mir-19_5p	GUUUUGC	NA	2
Mir-1_3p	NA	GGAAUGU	228
Mir-2000_3p	NA	AAGUCUU	5
Mir-2001_3p	NA	CUCGUUU	1
Mir-2001_5p	UGUGACC	NA	33
Mir-2001_5p	UUGUGAC	NA	12
Mir-2002_3p	NA	GAAUACA	2
Mir-2004_3p	NA	CACACAC	2
Mir-2005_5p	GUCCAAU	NA	2
Mir-2006_3p	NA	AGCACAC	4
Mir-2006_5p	AUCGCUA	NA	1
Mir-2007_5p	AUUUCAG	NA	4
Mir-2008_3p	NA	CAGCCUC	2
Mir-2008_5p	GUAUUAA	NA	1
Mir-2008_5p	UAUUAAC	NA	1
Mir-2009_3p	NA	GAGUUGU	3
Mir-2010_3p	NA	UACUGUU	2
Mir-2011_3p	NA	CAAGGUG	4
Mir-2012_5p	AGUACUG	NA	4
Mir-2014_3p	NA	GCCAAAC	1
Mir-2014_5p	AGAUUGG	NA	3
Mir-2015_5p	CAUGUAU	NA	2
Mir-2017_3p	NA	ACCUGUG	1
Mir-2017_3p	NA	CCUGUGC	2
Mir-2018_5p	GUCGGAG	NA	3
Mir-2019_5p	AAGUGAU	NA	2
Mir-2020_5p	GGGUAGU	NA	1
Mir-2021_3p	NA	GGUGGUC	1
Mir-2022_3p	NA	UUGCUAG	5
Mir-2022_5p	GGACAAA	NA	1
Mir-2023_3p	NA	AAGAAGU	4
Mir-2025_3p	NA	UUUUAGC	1
Mir-2025_3p	NA	UUUUUAG	2
Mir-2026_3p	NA	AAUCAGU	2
Mir-2026_3p	NA	CAACAGU	1
Mir-2026_5p	UUCAAAU	NA	2
Mir-2027_3p	NA	UGCGAUU	1
Mir-2028_3p	NA	UAGAACC	1
Mir-2028_5p	AAUGUUC	NA	3
Mir-2029_3p	NA	GUUACUU	1
Mir-2029_5p	ACGCAAU	NA	1
Mir-2029_5p	ACGCGAU	NA	1
Mir-202_3p	NA	GAGGUAU	1
Mir-202_5p	UCCUAUG	NA	42
Mir-2030_5p	AGCAUAA	NA	4
Mir-2032_5p	CGCUGCA	NA	2
Mir-2032_5p	CGCUGCG	NA	1
Mir-2036_3p	NA	AUAUUGU	3
Mir-2037_3p	NA	GUGAUUG	2
Mir-203_3p	NA	GAAAUGU	2
Mir-203_3p	NA	UGAAAUG	45
Mir-2042_5p	UAUAAAU	NA	1
Mir-2043_5p	AUAUCGC	NA	3
Mir-2045_5p	CCCAGAG	NA	1
Mir-204_5p	UCCCUUU	NA	95
Mir-2050_3p	NA	UUGAUUG	1
Mir-2050_3p	NA	UUUGAUU	2
Mir-2051_3p	NA	ACCGGAG	1
Mir-2056_3p	NA	UUCACUG	3
Mir-2057_5p	GAGAAGU	NA	2
Mir-2058_5p	GAGAAGU	NA	2
Mir-205_3p	NA	UUCCCAG	3
Mir-205_5p	CCUUCAU	NA	61
Mir-205_5p	CUUCACA	NA	1
Mir-205_5p	UCUUCAU	NA	1
Mir-2061_3p	NA	UGCAUAG	2
Mir-2062_5p	GCAACAA	NA	2
Mir-2068_5p	UUCCUAU	NA	2
Mir-2070_5p	UUCCACA	NA	3
Mir-2071_3p	NA	UUGUUAC	2
Mir-2072_5p	GCAACAU	NA	2
Mir-2076_5p	AUUGCAC	NA	2
Mir-208_3p	NA	UAAGACG	59
Mir-208_5p	AGCUUUU	NA	2
Mir-208_5p	UGCUCCU	NA	1
Mir-210_3p	NA	GUGCGUA	1
Mir-210_3p	NA	UGUGCAU	2
Mir-210_3p	NA	UGUGCGU	93
Mir-210_3p	NA	UUGUGCG	10
Mir-210_5p	AGCCUCU	NA	1
Mir-210_5p	AGUCGCU	NA	1
Mir-210_5p	GCCACUG	NA	9
Mir-210_5p	GCUGCUG	NA	2
Mir-210_5p	GGCACUG	NA	1
Mir-210_5p	GUGGCUU	NA	1
Mir-210_5p	UCACUGU	NA	2
Mir-2114_3p	NA	GAGCCUC	5
Mir-2114_3p	NA	GAGUCUC	1
Mir-2114_3p	NA	GCCUCAA	1
Mir-2114_5p	AGUCCCU	NA	7
Mir-2115_3p	NA	AUCAGAA	1
Mir-2116_3p	NA	CCUCCCA	1
Mir-2116_5p	GUUCUUA	NA	1
Mir-2131_3p	NA	UGUUACU	2
Mir-2131_5p	UGCAGAA	NA	3
Mir-2148_5p	GAAAUUC	NA	1
Mir-214_3p	NA	ACAGCAG	3
Mir-214_3p	NA	CAGCAGG	37
Mir-214_5p	GCCUGUC	NA	6
Mir-2156_3p	NA	CUUACGG	1
Mir-2159_5p	GCCUUUU	NA	1
Mir-2160_3p	NA	AACAUUU	1
Mir-2160_3p	NA	GUGUACA	1
Mir-2160_5p	GGAGCUU	NA	1
Mir-2160_5p	GGCGCUU	NA	8
Mir-2160_5p	GGUGCUU	NA	1
Mir-2165_3p	NA	AAUUCGA	1
Mir-2166_3p	NA	UGGUCAC	1
Mir-2166_5p	AGAAUAA	NA	1
Mir-2169_5p	ACUUUGA	NA	1
Mir-216_3p	NA	AAGUUAC	5
Mir-216_3p	NA	ACAGUGG	2
Mir-216_3p	NA	ACGGUGC	2
Mir-216_3p	NA	ACUUUGC	1
Mir-216_3p	NA	CACUUGC	1
Mir-216_3p	NA	CAGACUA	1
Mir-216_3p	NA	CCUAUAA	1
Mir-216_5p	AAUAUCA	NA	38
Mir-216_5p	AAUCUCA	NA	107
Mir-216_5p	AAUCUCG	NA	1
Mir-216_5p	AAUCUCU	NA	39
Mir-2170_3p	NA	CAGUGAA	1
Mir-2179_3p	NA	GACUAUA	1
Mir-217_3p	NA	AAUCUGU	1
Mir-217_5p	ACUGCAU	NA	45
Mir-2184_5p	ACAGUAA	NA	16
Mir-2188_3p	NA	GCUAUGU	1
Mir-2188_3p	NA	UGUGUAU	1
Mir-2188_5p	AGGUCCA	NA	22
Mir-2189_3p	NA	GAUUGUU	1
Mir-218_3p	NA	AUGGUUC	1
Mir-218_5p	UGUGCUU	NA	89
Mir-2191_3p	NA	CACACCU	1
Mir-219_3p	NA	AAAUGCA	1
Mir-219_3p	NA	AGAACUG	2
Mir-219_3p	NA	AGAAUUG	2
Mir-219_3p	NA	CGAUUGU	1
Mir-219_3p	NA	GAAAAUC	2
Mir-219_3p	NA	GAAAUGU	2
Mir-219_3p	NA	GAACUGA	1
Mir-219_3p	NA	GAACUGU	29
Mir-219_3p	NA	GAAUUGA	2
Mir-219_3p	NA	GAAUUGC	13
Mir-219_3p	NA	GAAUUGG	1
Mir-219_3p	NA	GAAUUGU	44
Mir-219_3p	NA	GAGCUGU	1
Mir-219_3p	NA	GAGUUGA	12
Mir-219_3p	NA	GAGUUGC	3
Mir-219_3p	NA	GAGUUGG	4
Mir-219_3p	NA	GAGUUGU	5
Mir-219_3p	NA	GGACUGU	2
Mir-219_3p	NA	GGAUUGU	1
Mir-219_3p	NA	GGCUUGU	1
Mir-219_3p	NA	GGGUUGC	6
Mir-219_3p	NA	GGGUUGU	1
Mir-219_5p	GACGUCC	NA	1
Mir-219_5p	GAUGUCC	NA	3
Mir-219_5p	GAUUGUC	NA	138
Mir-21_5p	AGCUUAU	NA	46
Mir-2208_3p	NA	UGCAGAU	1
Mir-2208_5p	AGUGUAC	NA	2
Mir-2210_3p	NA	AAAGUCG	1
Mir-2218_3p	NA	AAUUUGU	1
Mir-2218_3p	NA	GGCCAGA	1
Mir-221_3p	NA	GCUACAU	99
Mir-221_5p	CCUGGCA	NA	6
Mir-221_5p	CUCAGUA	NA	1
Mir-221_5p	GCUCAGU	NA	3
Mir-2221_3p	NA	AAGUGAU	1
Mir-2222_3p	NA	AUCACAA	2
Mir-2222_3p	NA	AUCACAG	2
Mir-2231_3p	NA	CCCUGAG	1
Mir-223_3p	NA	CAGUUUG	2
Mir-223_3p	NA	GUCAGUU	39
Mir-223_5p	GUGUAUU	NA	1
Mir-224_5p	AAGUCAC	NA	14
Mir-2276_3p	NA	CUGCAAG	3
Mir-2276_5p	CCCUCUG	NA	3
Mir-2279_5p	UAAAUAU	NA	1
Mir-2285_3p	NA	AAAAACC	1
Mir-2285_3p	NA	AAACCAG	1
Mir-2285_3p	NA	AAACCGG	2
Mir-2285_3p	NA	AAACCUC	1
Mir-2285_3p	NA	AAACCUG	1
Mir-2285_3p	NA	AACUCGA	1
Mir-2285_5p	AAAAAGU	NA	2
Mir-2285_5p	AAAAGCU	NA	1
Mir-2285_5p	AAACGUU	NA	1
Mir-2285_5p	GAAAGUU	NA	1
Mir-2299_5p	CUGGAUU	NA	1
Mir-229_5p	AUGACAC	NA	1
Mir-22_3p	NA	AGCUGCC	106
Mir-22_3p	NA	AGCUGGC	10
Mir-22_3p	NA	CAGCUCC	7
Mir-22_3p	NA	CAGCUGC	4
Mir-22_3p	NA	GCUGCCU	30
Mir-22_5p	GGCUCGU	NA	1
Mir-22_5p	GGUCCUU	NA	2
Mir-22_5p	GGUCGUU	NA	1
Mir-22_5p	GUCCAUC	NA	1
Mir-22_5p	GUUCCUU	NA	1
Mir-22_5p	GUUCUUC	NA	2
Mir-22_5p	UGAUCAG	NA	1
Mir-22_5p	UGGCUCU	NA	1
Mir-22_5p	UGGUGAG	NA	1
Mir-22_5p	UUUCUUC	NA	10
Mir-230_3p	NA	UAUUAGU	2
Mir-230_5p	CUUGGUC	NA	2
Mir-2313_5p	GUGCAGC	NA	1
Mir-231_3p	NA	AAGCUCG	2
Mir-2320_3p	NA	CGAUGAU	1
Mir-2328_5p	CCCCCUC	NA	1
Mir-2330_5p	GGGCUUG	NA	1
Mir-2331_5p	GCUUCCG	NA	1
Mir-2336_3p	NA	UAACCGU	1
Mir-2355_3p	NA	AUUGUCC	2
Mir-2355_3p	NA	GUCCUUG	6
Mir-2355_5p	UCCCCAG	NA	9
Mir-2355_5p	UCCCCGG	NA	1
Mir-2355_5p	UCCUCAG	NA	1
Mir-2355_5p	UCGUGAG	NA	1
Mir-2367_5p	CCCUGUA	NA	1
Mir-2373_3p	NA	GAGCCCG	1
Mir-2382_5p	GGGGAGU	NA	1
Mir-2387_3p	NA	CUGCAGA	1
Mir-2387_5p	GGAAGGC	NA	5
Mir-2388_3p	NA	CUCGAGG	1
Mir-2388_5p	GCUCCCG	NA	1
Mir-238_3p	NA	UUGUACU	2
Mir-23_3p	NA	UCACAUU	102
Mir-2408_3p	NA	ACGUGUG	1
Mir-242_5p	GCGUAGG	NA	4
Mir-242_5p	UGCGUAG	NA	34
Mir-243_3p	NA	GGUACGA	1
Mir-243_5p	AUCUCGG	NA	1
Mir-2461_3p	NA	CAGACUG	1
Mir-2461_5p	CACUCUG	NA	1
Mir-2467_5p	GAGGCUC	NA	1
Mir-2468_5p	UAGGAAC	NA	1
Mir-246_3p	NA	UACAUGU	2
Mir-2471_3p	NA	CUGAUGA	1
Mir-2471_5p	AGGAUCU	NA	1
Mir-2475_3p	NA	GAAGUGU	1
Mir-2475_5p	CUUCAGG	NA	1
Mir-2483_3p	NA	AACAUCU	1
Mir-2483_3p	NA	ACAUCUA	1
Mir-2483_5p	AUCAAUC	NA	1
Mir-2483_5p	CUGUCAA	NA	1
Mir-2483_5p	GUCAACC	NA	4
Mir-248_3p	NA	UACACGU	2
Mir-2499_3p	NA	UGCGGAU	1
Mir-249_3p	NA	CACAGGA	2
Mir-24_3p	NA	GGCUCAG	91
Mir-24_5p	UACCUAC	NA	1
Mir-24_5p	UGCCUAC	NA	2
Mir-2501_5p	UAAGUUU	NA	1
Mir-252_3p	NA	CAUUGUA	2
Mir-252_3p	NA	CAUUGUG	1
Mir-252_5p	AAGUAGU	NA	7
Mir-252_5p	UAAGUAC	NA	44
Mir-252_5p	UAAGUAG	NA	56
Mir-253_3p	NA	UAGUAGG	2
Mir-254_3p	NA	GCAAAUC	1
Mir-254_5p	ACAGAAG	NA	1
Mir-255_3p	NA	AACUGAA	2
Mir-255_5p	UAAGAAA	NA	1
Mir-2582_3p	NA	AACUUUG	1
Mir-2582_5p	UCACAGU	NA	1
Mir-2583_3p	NA	CGUGCAA	1
Mir-2584_3p	NA	AAGAGGU	1
Mir-2685_3p	NA	AACUCAG	6
Mir-2686_3p	NA	AGAUGUU	6
Mir-2687_5p	AGGUAGU	NA	2
Mir-2689_3p	NA	AUCCUGG	5
Mir-2690_3p	NA	GUGAAAG	5
Mir-2691_3p	NA	UUUGCAA	8
Mir-2691_3p	NA	UUUUGCA	3
Mir-2691_5p	ACGGUGA	NA	1
Mir-2692_3p	NA	CAGUCAA	3
Mir-2693_5p	GAAAUUG	NA	3
Mir-2695_3p	NA	AACUGGC	1
Mir-2695_5p	AGGACUU	NA	1
Mir-2697_5p	GCUAUGU	NA	1
Mir-2699_3p	NA	UUUGUGA	1
Mir-2699_5p	ACGGCCG	NA	1
Mir-26_5p	UCAAGUA	NA	130
Mir-2700_5p	UUUGCAA	NA	1
Mir-2701_5p	CCGCAUU	NA	1
Mir-2702_3p	NA	UUCAGGU	1
Mir-2703_3p	NA	GCUUUGA	2
Mir-2704_5p	CAUGCAA	NA	1
Mir-2705_3p	NA	CUGCAAG	3
Mir-2706_3p	NA	AAGAUAU	1
Mir-2707_3p	NA	UACUUAU	1
Mir-2707_5p	GUCAAGC	NA	2
Mir-2708_3p	NA	GAAGAUU	1
Mir-2710_5p	CCACUGU	NA	1
Mir-2711_5p	UUGGUGU	NA	1
Mir-2716_3p	NA	AGAGAUG	1
Mir-2719_5p	GGCUUUU	NA	1
Mir-2722_3p	NA	GGCGCCG	13
Mir-2722_5p	AAGGUGU	NA	1
Mir-2722_5p	AGGUGUU	NA	2
Mir-2722_5p	GAGAUGU	NA	1
Mir-2755_3p	NA	ACCCUGU	1
Mir-2756_5p	CCCUGUA	NA	1
Mir-275_3p	NA	CAGGUAC	20
Mir-275_5p	CGUGCUG	NA	1
Mir-2763_3p	NA	AUUAUGC	1
Mir-2765_5p	GGUAACU	NA	6
Mir-2766_3p	NA	CAGUCUU	2
Mir-2767_5p	AAGUAAA	NA	1
Mir-276_3p	NA	AGGAACU	32
Mir-276_5p	GCGAGGU	NA	5
Mir-277_3p	NA	AAAUGCA	74
Mir-2786_3p	NA	UCUCUCG	1
Mir-278_3p	NA	CGGUGGG	52
Mir-278_3p	NA	UCGGUGG	2
Mir-278_5p	CGGACGA	NA	2
Mir-278_5p	CGGAUGA	NA	2
Mir-278_5p	GAGUGAA	NA	1
Mir-2796_3p	NA	UAGGCCG	6
Mir-279_3p	NA	GACUAGA	152
Mir-279_5p	ACGGAUG	NA	1
Mir-279_5p	CUGGAUG	NA	1
Mir-279_5p	GAGUUCA	NA	1
Mir-279_5p	GGCGAUU	NA	1
Mir-279_5p	GUGAGCG	NA	1
Mir-279_5p	GUGGGUC	NA	1
Mir-279_5p	UGACUGU	NA	1
Mir-27_3p	NA	UCACAGU	102
Mir-27_5p	AGAACUU	NA	1
Mir-27_5p	GGACUUA	NA	3
Mir-27_5p	GGGCUUA	NA	1
Mir-281_3p	NA	GUCAUGG	61
Mir-281_3p	NA	UGUCAUG	2
Mir-281_5p	AAGAGAG	NA	2
Mir-281_5p	AGAGAGC	NA	23
Mir-281_5p	AGGAGGG	NA	1
Mir-281_5p	AGGGAGC	NA	9
Mir-281_5p	GGAGAGC	NA	1
Mir-282_3p	NA	CAACGUC	1
Mir-282_3p	NA	CAUAGCC	1
Mir-282_5p	AGCCUCU	NA	13
Mir-284_3p	NA	UCAGCAA	5
Mir-284_5p	CUGGAAU	NA	5
Mir-28_3p	NA	ACUAGAU	15
Mir-28_5p	AGGAGCU	NA	8
Mir-2940_3p	NA	GUCGACA	2
Mir-2941_3p	NA	AGUACGG	2
Mir-2953_3p	NA	GAUCACU	1
Mir-2954_3p	NA	AUCCCCA	3
Mir-2958_5p	GCUGGUG	NA	1
Mir-2962_3p	NA	CAUCCCC	1
Mir-2965_5p	AGGACUG	NA	1
Mir-296_3p	NA	GGGUUGG	4
Mir-296_5p	GGGCACC	NA	1
Mir-296_5p	GGGCCCC	NA	9
Mir-2970_5p	ACAGUCA	NA	17
Mir-2970_5p	ACGGUCA	NA	1
Mir-2984_5p	GCCUGCU	NA	3
Mir-2987_3p	NA	GAGCAAG	1
Mir-298_5p	GCAGAGG	NA	2
Mir-2997_3p	NA	AGGAGCU	1
Mir-29_3p	NA	AGCACCA	306
Mir-29_3p	NA	UAGCACC	1
Mir-29_5p	ACUGAAU	NA	1
Mir-29_5p	CCGAUUU	NA	1
Mir-29_5p	CUGAAUU	NA	1
Mir-29_5p	CUGAGUC	NA	1
Mir-29_5p	CUGAUUU	NA	3
Mir-29_5p	CUGGUUC	NA	1
Mir-29_5p	CUGGUUU	NA	1
Mir-29_5p	UGAUUUC	NA	1
Mir-2_3p	NA	ACAGUUG	1
Mir-2_3p	NA	AUCACAG	359
Mir-2_3p	NA	CACAGCC	33
Mir-2_3p	NA	CACAGCU	1
Mir-2_3p	NA	UUUCAUU	1
Mir-2_5p	AAGGAAC	NA	12
Mir-2_5p	ACAGUAU	NA	1
Mir-2_5p	ACGGCAA	NA	1
Mir-2_5p	AGUCAAA	NA	1
Mir-2_5p	CAUCAAA	NA	7
Mir-2_5p	CAUCAUU	NA	1
Mir-2_5p	CCCUUGC	NA	1
Mir-2_5p	CUCCAAA	NA	1
Mir-2_5p	GAGAACG	NA	1
Mir-2_5p	GAGAAUA	NA	1
Mir-2_5p	GAUAAUU	NA	1
Mir-2_5p	GCAGUAU	NA	4
Mir-2_5p	GCGGUAU	NA	1
Mir-2_5p	GGGAACU	NA	1
Mir-2_5p	GGUCAAU	NA	1
Mir-2_5p	GUGUUGA	NA	1
Mir-2_5p	UAAGGAA	NA	6
Mir-2_5p	UCAUCAA	NA	1
Mir-2_5p	UCAUCCU	NA	1
Mir-2_5p	UCUGAAG	NA	1
Mir-2_5p	UUCCAAU	NA	1
Mir-2_5p	UUGUCAG	NA	1
Mir-3003_3p	NA	AAAUGUG	1
Mir-3003_3p	NA	UAAAUGU	1
Mir-3005_3p	NA	UGGUGGA	1
Mir-3005_5p	GGAACCG	NA	1
Mir-3007_5p	GUUCGGC	NA	1
Mir-3010_3p	NA	GAGAGCG	1
Mir-3011_3p	NA	UGAUUUU	1
Mir-3012_3p	NA	CAGUGGA	1
Mir-303_3p	NA	AUUUACC	1
Mir-303_5p	AGGUUUC	NA	1
Mir-303_5p	UGGCAUU	NA	1
Mir-3049_5p	CGGGAAG	NA	3
Mir-3057_5p	UUGGAGC	NA	1
Mir-3058_5p	CAGCCAC	NA	1
Mir-3059_5p	UUCCUCU	NA	15
Mir-305_3p	NA	GGCACAU	2
Mir-305_5p	UUGUACU	NA	28
Mir-3060_3p	NA	CAUAGCA	1
Mir-3061_3p	NA	UACCUUU	1
Mir-3061_5p	AGUGGGC	NA	1
Mir-3066_5p	UGGUUGC	NA	1
Mir-3067_5p	GUUCUCA	NA	1
Mir-3068_3p	NA	GUGAAUU	1
Mir-3068_5p	UGGAGUU	NA	2
Mir-306_5p	CAGGUAC	NA	11
Mir-3072_3p	NA	GCCCCCU	2
Mir-3073_3p	NA	UGAUGUC	1
Mir-3073_5p	UGGUCAC	NA	1
Mir-3075_5p	GUCUGGG	NA	2
Mir-3079_5p	UUGAUCU	NA	1
Mir-3080_3p	NA	CCUCGGG	1
Mir-3080_5p	GAAGCGC	NA	1
Mir-3081_3p	NA	UGCGCUC	1
Mir-3085_3p	NA	CUGGCUG	14
Mir-3086_5p	AGAUUGU	NA	1
Mir-3090_3p	NA	CCCAGGU	1
Mir-3091_3p	NA	GGGCCUG	1
Mir-3092_3p	NA	AAUGGGG	1
Mir-3093_3p	NA	GUGGACA	1
Mir-3095_3p	NA	GGACACU	1
Mir-3098_5p	CCUAACA	NA	1
Mir-3099_3p	NA	AGGCUAG	2
Mir-30_3p	NA	UGAGAGA	1
Mir-30_3p	NA	UGGGAGA	3
Mir-30_3p	NA	UUUCAGU	9
Mir-30_5p	GUAAACA	NA	249
Mir-3101_3p	NA	AGCUUUG	1
Mir-3105_3p	NA	CUGCUUA	1
Mir-3105_5p	GAGCAAG	NA	1
Mir-3109_5p	AUGGAUG	NA	1
Mir-3110_5p	UCUGCCU	NA	1
Mir-3112_5p	CAUAGAA	NA	2
Mir-3126_5p	GAGGGAC	NA	1
Mir-3127_5p	UCAGGGC	NA	1
Mir-3136_5p	UGACUGA	NA	1
Mir-3138_3p	NA	ACGGUGA	1
Mir-3138_3p	NA	CAGUGAA	1
Mir-3138_3p	NA	CAGUGAG	1
Mir-3138_3p	NA	CGGUGAG	1
Mir-3140_3p	NA	CCUUUUG	1
Mir-3140_3p	NA	GCUUUUG	4
Mir-3144_5p	AGGGGAC	NA	2
Mir-3145_3p	NA	AUUUUGA	1
Mir-3145_3p	NA	GAUAUUU	1
Mir-3145_3p	NA	GGUAUUU	2
Mir-3146_3p	NA	AUGCUAG	3
Mir-314_3p	NA	AUUCGAG	5
Mir-315_3p	NA	AUCGAGU	1
Mir-315_3p	NA	UGUCGAG	2
Mir-315_5p	UUGAUUG	NA	1
Mir-315_5p	UUUGAUU	NA	58
Mir-316_5p	GUCUUUU	NA	11
Mir-3173_3p	NA	AGGAGGA	1
Mir-3173_5p	GCCCUGC	NA	3
Mir-3174_5p	AGUGAGU	NA	3
Mir-317_3p	NA	GAACACA	48
Mir-317_5p	GAGUACC	NA	2
Mir-3180_3p	NA	GGGGCGG	3
Mir-3187_3p	NA	UGGCCAU	4
Mir-3194_5p	GCCAGCC	NA	1
Mir-31_3p	NA	GCUAUAC	1
Mir-31_5p	GGCAAGA	NA	119
Mir-31_5p	GGCAGAU	NA	1
Mir-320_3p	NA	AAAGCUG	35
Mir-324_5p	GCAUCCC	NA	15
Mir-325_3p	NA	UGAUUAA	2
Mir-325_3p	NA	UUAUUGA	8
Mir-325_5p	CUAGUAG	NA	5
Mir-326_3p	NA	CUCUGGG	15
Mir-328_3p	NA	UGGCCCU	15
Mir-32_5p	AUUGCAC	NA	33
Mir-330_3p	NA	AAAGCAC	8
Mir-330_5p	CUCUGGG	NA	11
Mir-331_3p	NA	CCCCUGG	15
Mir-331_5p	UAGGUAU	NA	1
Mir-3327_3p	NA	UAUGUAA	1
Mir-3338_3p	NA	UGUACUU	1
Mir-335_3p	NA	UUUUCAU	4
Mir-335_5p	CAAGAGC	NA	13
Mir-337_3p	NA	CCUAUAU	7
Mir-337_3p	NA	CUCCUGC	2
Mir-337_3p	NA	CUCCUGU	3
Mir-337_3p	NA	UCCUAUA	1
Mir-337_3p	NA	UCCUAUG	1
Mir-337_5p	AACGGCU	NA	3
Mir-337_5p	GAAAGGC	NA	5
Mir-337_5p	GGCGUCA	NA	2
Mir-338_3p	NA	CAGCACC	3
Mir-338_3p	NA	CCAGCAU	63
Mir-338_3p	NA	CCAGUGU	2
Mir-338_5p	ACAAUAU	NA	5
Mir-338_5p	CAACAAA	NA	9
Mir-339_3p	NA	GAGCGCC	6
Mir-339_5p	CCCUGUC	NA	11
Mir-33_3p	NA	AAUACAA	1
Mir-33_3p	NA	AAUACUU	2
Mir-33_3p	NA	AAUGCCC	1
Mir-33_3p	NA	AAUGCUU	3
Mir-33_3p	NA	AAUGGAU	1
Mir-33_3p	NA	AAUGUAA	2
Mir-33_3p	NA	AAUGUAC	1
Mir-33_3p	NA	AAUGUGU	1
Mir-33_3p	NA	AAUGUUC	6
Mir-33_3p	NA	AAUGUUU	4
Mir-33_3p	NA	AGUACUU	1
Mir-33_3p	NA	AGUGCCU	4
Mir-33_3p	NA	AGUGCUU	2
Mir-33_3p	NA	CAAUGGA	1
Mir-33_3p	NA	UAAUGUG	1
Mir-33_3p	NA	UGUAGUU	1
Mir-33_5p	UGCAUUG	NA	119
Mir-340_5p	UAUAAAG	NA	16
Mir-342_3p	NA	CUCACAC	15
Mir-3431_5p	CUCAGUC	NA	1
Mir-3432_5p	GCGGGAU	NA	1
Mir-345_3p	NA	CCUGAAC	4
Mir-345_5p	CUGACUC	NA	12
Mir-345_5p	GCUGACC	NA	1
Mir-346_5p	GUCUGCC	NA	14
Mir-3478_3p	NA	ACACCGG	1
Mir-34_3p	NA	ACCACUU	1
Mir-34_3p	NA	AGCCACC	1
Mir-34_3p	NA	AGCUAAC	1
Mir-34_3p	NA	AGCUGCU	1
Mir-34_3p	NA	AGUCAGG	1
Mir-34_3p	NA	AGUCGCU	2
Mir-34_3p	NA	AGUUGUU	1
Mir-34_3p	NA	AUCACUA	6
Mir-34_3p	NA	CAGCUAC	1
Mir-34_3p	NA	CAGCUAU	1
Mir-34_3p	NA	CCCACUA	1
Mir-34_3p	NA	CCCUCUA	1
Mir-34_3p	NA	CGGCUAC	2
Mir-34_3p	NA	GCAGCUA	1
Mir-34_3p	NA	GCCACUG	1
Mir-34_5p	GGCAGUG	NA	312
Mir-34_5p	UGGCAGU	NA	1
Mir-350_3p	NA	UCACAAA	10
Mir-350_5p	AAGUGCA	NA	4
Mir-351_5p	CCCUGAG	NA	3
Mir-3558_3p	NA	ACUGUGG	1
Mir-3558_5p	CAUAGAA	NA	1
Mir-3559_5p	GACAGAC	NA	1
Mir-355_5p	UUGUUUU	NA	2
Mir-357_3p	NA	AAUGCCA	3
Mir-3580_3p	NA	GACUAGG	1
Mir-358_3p	NA	UUGGUAU	2
Mir-3593_3p	NA	UUCAACC	1
Mir-3598_5p	CACAGUG	NA	1
Mir-3611_3p	NA	UGUGAAG	1
Mir-3613_3p	NA	CAAAAAA	2
Mir-3613_5p	GUUGUAC	NA	15
Mir-3615_3p	NA	CUCUCGG	1
Mir-3617_5p	AAGACAU	NA	3
Mir-3619_3p	NA	GGACCAU	1
Mir-3619_5p	CAGCAGG	NA	1
Mir-361_3p	NA	CCCCAGG	2
Mir-361_5p	UAUCAGA	NA	15
Mir-3622_3p	NA	ACCUGAC	1
Mir-3622_5p	AGGCACG	NA	1
Mir-362_3p	NA	ACACACC	5
Mir-362_3p	NA	AUCCACC	1
Mir-362_3p	NA	AUGCACC	33
Mir-362_3p	NA	AUGUACC	2
Mir-362_3p	NA	GUGCACC	1
Mir-362_3p	NA	UGCACCU	2
Mir-362_5p	AAUCCUU	NA	6
Mir-362_5p	AUCCUUG	NA	15
Mir-362_5p	AUCCUUU	NA	3
Mir-3660_3p	NA	CUGACAG	1
Mir-3663_3p	NA	GAGCACC	1
Mir-3690_5p	CCUGGAC	NA	1
Mir-36_3p	NA	AACCAGG	1
Mir-36_3p	NA	CACCGGG	105
Mir-36_3p	NA	CCCCGGG	1
Mir-36_3p	NA	UCACCGG	1
Mir-36_5p	CACCGGG	NA	3
Mir-36_5p	CCGGGUU	NA	1
Mir-36_5p	GGGUGGA	NA	1
Mir-36_5p	GGUGAAU	NA	1
Mir-36_5p	GGUGGCU	NA	6
Mir-36_5p	GUGGAUU	NA	1
Mir-36_5p	UGAGUGG	NA	1
Mir-370_3p	NA	CCUGCUG	12
Mir-3715_3p	NA	AUUAUGC	1
Mir-3715_5p	UCGGUAA	NA	1
Mir-374_3p	NA	UUACCAG	3
Mir-374_3p	NA	UUAUCAG	6
Mir-374_5p	UAUAAUA	NA	22
Mir-375_3p	NA	UUGUUCA	9
Mir-375_3p	NA	UUGUUCG	103
Mir-375_3p	NA	UUUGUUC	1
Mir-376_3p	NA	ACACAGA	1
Mir-376_3p	NA	ACAUAGA	15
Mir-376_3p	NA	AUCAUAG	2
Mir-376_3p	NA	CCGUAGG	1
Mir-376_3p	NA	UCAUACG	1
Mir-376_3p	NA	UCAUAGA	33
Mir-376_3p	NA	UCGUAGA	2
Mir-376_5p	UAGAUUC	NA	9
Mir-376_5p	UAGAUUU	NA	3
Mir-376_5p	UGGAUAU	NA	3
Mir-3770_5p	AUCCUGC	NA	2
Mir-3783_5p	CACCAAA	NA	1
Mir-3785_3p	NA	ACCCUGU	1
Mir-3785_5p	CUCGCGA	NA	1
Mir-378_3p	NA	CUGGACU	17
Mir-378_5p	UCCUGAC	NA	1
Mir-3809_5p	UCAUAAC	NA	1
Mir-3811_3p	NA	AUGUACA	5
Mir-3811_5p	CAUAUUC	NA	1
Mir-3811_5p	UCUGUUC	NA	1
Mir-3811_5p	UCUUGCU	NA	2
Mir-3814_3p	NA	AGCAUGA	1
Mir-3816_3p	NA	UGCUGCC	1
Mir-3820_5p	UUGCCAA	NA	1
Mir-3821_3p	NA	UUCUAGU	1
Mir-3822_3p	NA	UAUUUUC	1
Mir-3824_5p	GUAAAAU	NA	1
Mir-3825_3p	NA	CCGUGCG	1
Mir-3825_5p	GUUUUCU	NA	1
Mir-383_5p	GAUCAGA	NA	31
Mir-3840_3p	NA	AGUACGA	1
Mir-3841_3p	NA	AGUACGG	1
Mir-3842_3p	NA	AACGCUU	1
Mir-3842_5p	GGAGGAA	NA	1
Mir-3843_5p	GUUGUUG	NA	1
Mir-3849_5p	GACAUUU	NA	1
Mir-384_3p	NA	UUCCUAG	4
Mir-384_5p	GUAAACA	NA	7
Mir-3851_3p	NA	AGUACGA	11
Mir-3851_3p	NA	AGUACGG	2
Mir-3851_3p	NA	AGUACGU	1
Mir-3851_5p	GUUGGCA	NA	1
Mir-3853_5p	UGUGUAU	NA	1
Mir-3862_5p	GGGCAAA	NA	1
Mir-3863_3p	NA	CAGCGUC	1
Mir-3863_5p	GAUCAAG	NA	1
Mir-3893_3p	NA	UAAAGCU	1
Mir-3909_3p	NA	GUCCUCU	3
Mir-3924_3p	NA	UAUGUAU	1
Mir-3924_5p	AGUAGUC	NA	1
Mir-392_3p	NA	UCAUCGA	2
Mir-3931_3p	NA	ACUUUGA	11
Mir-3934_3p	NA	GCUCAGG	2
Mir-3934_5p	CAGGUGU	NA	3
Mir-3942_3p	NA	UUCAGAU	1
Mir-3942_5p	GCAAUAC	NA	1
Mir-3944_3p	NA	UCGGGCU	1
Mir-3957_3p	NA	CGCACAG	1
Mir-3_3p	NA	CACUGGA	1
Mir-3_3p	NA	CACUGGG	51
Mir-3_3p	NA	CACUGGU	1
Mir-3_5p	GAUGAAC	NA	1
Mir-3_5p	GGUCUAU	NA	1
Mir-3_5p	UAGUCAU	NA	1
Mir-4010_5p	ACGUAUG	NA	2
Mir-4011_5p	ACAGUGG	NA	1
Mir-4011_5p	CACAGUG	NA	1
Mir-4013_3p	NA	AGGCUGC	2
Mir-4013_5p	GACUUGU	NA	1
Mir-4014_3p	NA	UACAGAA	2
Mir-4015_3p	NA	GAUAGGU	2
Mir-4017_3p	NA	AAGUGCA	3
Mir-4018_5p	GGAACAU	NA	2
Mir-4029_5p	AAGUGCA	NA	1
Mir-4030_5p	AAGUGCA	NA	1
Mir-4031_3p	NA	CAUGUAC	1
Mir-4034_5p	CACAGUG	NA	1
Mir-4036_5p	GUGCAAA	NA	1
Mir-4037_5p	CAAUUGC	NA	1
Mir-4040_5p	CGUCUUU	NA	1
Mir-4043_3p	NA	UGCAUAG	1
Mir-4044_3p	NA	GAAAUAG	1
Mir-4045_5p	CACAAUG	NA	1
Mir-4046_3p	NA	CAGUAAC	1
Mir-4047_5p	CAGACAC	NA	1
Mir-4048_5p	CACCUUG	NA	1
Mir-4050_5p	AGGUAAA	NA	1
Mir-4052_3p	NA	CACUUGA	1
Mir-4053_3p	NA	AGUACGU	1
Mir-4054_5p	AUGAUUG	NA	1
Mir-4055_5p	AUUCGGA	NA	1
Mir-4057_3p	NA	UUGCUAC	3
Mir-4060_3p	NA	GCCGUUG	1
Mir-4060_5p	UUUCACU	NA	1
Mir-4061_3p	NA	ACACUCU	1
Mir-4062_3p	NA	AUGCUGA	1
Mir-4062_3p	NA	AUGCUGU	1
Mir-4063_5p	ACACCUU	NA	1
Mir-4065_3p	NA	AUCGACA	1
Mir-4067_5p	AAGGAAC	NA	1
Mir-4070_5p	CGAAUGU	NA	1
Mir-4071_5p	UUGCUCU	NA	1
Mir-4073_3p	NA	AGGAUGU	1
Mir-4076_5p	AACGAGU	NA	1
Mir-4078_3p	NA	UCACUUU	1
Mir-4079_5p	GCUUCAU	NA	1
Mir-4081_5p	AGUUCAA	NA	1
Mir-4085_5p	CGCACGU	NA	1
Mir-4086_3p	NA	AUUUUGA	1
Mir-4093_3p	NA	UGCAACA	1
Mir-4127_5p	ACAGCUC	NA	1
Mir-421_3p	NA	CAACAAA	3
Mir-421_3p	NA	UCAACAG	11
Mir-421_5p	CACAGUA	NA	1
Mir-421_5p	CUCAGUA	NA	5
Mir-421_5p	UCAGUAA	NA	1
Mir-421_5p	UGAGUAA	NA	1
Mir-423_3p	NA	GCUCGGU	12
Mir-423_5p	GAGGGGC	NA	12
Mir-425_3p	NA	ACCGGGA	1
Mir-425_3p	NA	AUCGGGA	1
Mir-425_5p	AUGACAC	NA	39
Mir-430_3p	NA	AAAAGUG	1
Mir-430_3p	NA	AAAGCGC	12
Mir-430_3p	NA	AAAGUGC	9
Mir-430_3p	NA	AAAUCGC	1
Mir-430_3p	NA	AAAUGGU	3
Mir-430_3p	NA	AACGCGC	1
Mir-430_3p	NA	AAGCGCU	1
Mir-430_3p	NA	AAGGCGC	1
Mir-430_3p	NA	AAGGGCU	1
Mir-430_3p	NA	AAGUACU	2
Mir-430_3p	NA	AAGUGCA	6
Mir-430_3p	NA	AAGUGCC	4
Mir-430_3p	NA	AAGUGCG	3
Mir-430_3p	NA	AAGUGCU	350
Mir-430_3p	NA	AAGUGUU	1
Mir-430_3p	NA	AAUUGCC	1
Mir-430_3p	NA	AAUUGCU	1
Mir-430_3p	NA	ACGCACU	5
Mir-430_3p	NA	ACGUGCA	1
Mir-430_3p	NA	ACGUGCU	1
Mir-430_3p	NA	AGGCGCG	1
Mir-430_3p	NA	AGGUGCU	1
Mir-430_3p	NA	AGUGCAA	1
Mir-430_3p	NA	AGUGCCC	2
Mir-430_3p	NA	AGUGCCG	5
Mir-430_3p	NA	AGUGCUG	5
Mir-430_3p	NA	AGUGCUU	3
Mir-430_3p	NA	AGUGUCG	1
Mir-430_3p	NA	CAAAGUG	1
Mir-430_3p	NA	CGUGCAG	2
Mir-430_3p	NA	GAAGCGC	1
Mir-430_3p	NA	GAGUGCU	1
Mir-430_3p	NA	GUGCCGC	4
Mir-430_3p	NA	GUGCUGC	1
Mir-430_3p	NA	GUGCUUC	1
Mir-430_3p	NA	UCGUGCA	7
Mir-430_5p	AUCAAAG	NA	4
Mir-430_5p	CAAAACU	NA	5
Mir-430_5p	CCAAUAC	NA	1
Mir-430_5p	CCCAAAA	NA	7
Mir-430_5p	CCCUAAC	NA	1
Mir-430_5p	CCCUCAC	NA	3
Mir-430_5p	CUCAAAA	NA	2
Mir-430_5p	CUCAAAC	NA	6
Mir-430_5p	CUCCAAA	NA	1
Mir-430_5p	CUCUAAC	NA	1
Mir-430_5p	CUCUACA	NA	2
Mir-430_5p	CUCUAGA	NA	4
Mir-430_5p	CUGAAAA	NA	1
Mir-430_5p	CUGACAA	NA	2
Mir-430_5p	CUUUAAC	NA	2
Mir-430_5p	GCUUUAA	NA	1
Mir-430_5p	GGCCUAA	NA	1
Mir-430_5p	UACAAAG	NA	10
Mir-430_5p	UCCAGAG	NA	3
Mir-430_5p	UCCUAAC	NA	2
Mir-430_5p	UCUAGAG	NA	15
Mir-430_5p	UCUCCAA	NA	9
Mir-430_5p	UCUCGAG	NA	6
Mir-430_5p	UCUGGAG	NA	5
Mir-430_5p	UCUUGAG	NA	3
Mir-430_5p	UGCAAAG	NA	2
Mir-430_5p	UUCAAGC	NA	4
Mir-430_5p	UUCUAAC	NA	2
Mir-431_3p	NA	AGGUCGC	2
Mir-431_3p	NA	AGGUCGU	11
Mir-431_5p	GUCUUGC	NA	14
Mir-432_5p	CUUGGAG	NA	12
Mir-433_3p	NA	UCAUGAU	15
Mir-433_5p	ACGGUGA	NA	1
Mir-434_3p	NA	UUGAACC	2
Mir-4424_3p	NA	CCCAUUU	1
Mir-4424_3p	NA	UAGUCCA	1
Mir-4424_3p	NA	UCCAUUU	2
Mir-4424_5p	AAGUUAA	NA	1
Mir-448_3p	NA	UGCACAU	1
Mir-448_3p	NA	UGCAUAU	13
Mir-450_3p	NA	UUGGGAA	2
Mir-450_5p	UUUGCAA	NA	12
Mir-450_5p	UUUGCAG	NA	2
Mir-450_5p	UUUGCGA	NA	27
Mir-450_5p	UUUGUGA	NA	1
Mir-450_5p	UUUUGCG	NA	1
Mir-451_5p	AACCGUU	NA	41
Mir-4524_3p	NA	GAGACAG	3
Mir-452_3p	NA	CAGUCUC	5
Mir-452_5p	ACUGUUU	NA	13
Mir-4541_3p	NA	AUAUUUA	3
Mir-4542_3p	NA	CAAGUGC	2
Mir-4543_5p	AUAGGUC	NA	2
Mir-4544_5p	ACCCUAU	NA	2
Mir-4545_3p	NA	ACAGCAU	3
Mir-455_3p	NA	GCAGUCC	1
Mir-455_5p	AUGUGCC	NA	44
Mir-456_3p	NA	AGGCUGG	21
Mir-4571_3p	NA	GUGUGUG	1
Mir-458_3p	NA	UAGCUCU	22
Mir-459_3p	NA	AGGAGAA	2
Mir-459_3p	NA	CGGAGAG	1
Mir-459_3p	NA	GGAGAAU	1
Mir-459_3p	NA	GGGAGGG	1
Mir-459_5p	CAGUAAC	NA	32
Mir-460_3p	NA	ACAGCGC	9
Mir-460_5p	CCUCAUU	NA	19
Mir-460_5p	CUGCAUU	NA	20
Mir-4637_3p	NA	ACCAACU	1
Mir-4637_3p	NA	ACUAACU	2
Mir-4661_5p	ACUAGCU	NA	3
Mir-4662_5p	UAGCCAA	NA	2
Mir-4662_5p	UUAGCAU	NA	1
Mir-4664_5p	GGGGUGC	NA	2
Mir-4677_3p	NA	CUGUAAG	2
Mir-4677_3p	NA	CUGUGAG	3
Mir-4731_3p	NA	ACACAAG	1
Mir-4731_3p	NA	ACACAUG	1
Mir-4731_5p	GCUGGGG	NA	1
Mir-4731_5p	GUUGGGG	NA	1
Mir-4766_3p	NA	CAGCAAU	1
Mir-4766_3p	NA	UAGCAAU	2
Mir-4766_5p	CUGAAAG	NA	3
Mir-4798_3p	NA	AAACAUG	1
Mir-4798_5p	UCAGUAU	NA	1
Mir-4798_5p	UCGGUAU	NA	2
Mir-4806_5p	ACUUACC	NA	1
Mir-4808_3p	NA	AGCUCUA	1
Mir-4813_3p	NA	UCAAUAU	2
Mir-4813_5p	GACUAUC	NA	1
Mir-4813_5p	GGCUUUC	NA	1
Mir-4814_3p	NA	GGGCAAA	1
Mir-4818_3p	NA	AUUGCAC	11
Mir-4818_3p	NA	UUGCACU	2
Mir-4819_5p	CUUGGAC	NA	2
Mir-4820_3p	NA	GAGCUUC	2
Mir-4823_3p	NA	CCAGUUU	1
Mir-4824_5p	AACUUAC	NA	2
Mir-4825_3p	NA	CACACCU	3
Mir-4826_5p	AUCCGAU	NA	2
Mir-4828_3p	NA	GUAAAUA	4
Mir-4828_3p	NA	GUAAAUG	4
Mir-4829_3p	NA	GUACUCU	4
Mir-4829_3p	NA	GUACUUU	2
Mir-4830_5p	CUCUUGA	NA	8
Mir-4831_3p	NA	UCGGCAA	2
Mir-4835_3p	NA	CAAGCAG	2
Mir-4838_3p	NA	GCUCCUG	2
Mir-4839_5p	AAGUUUU	NA	2
Mir-483_3p	NA	ACUCCUC	11
Mir-483_3p	NA	CACUCCU	1
Mir-483_5p	AGACGGG	NA	8
Mir-483_5p	AGGCGGG	NA	1
Mir-483_5p	GGACGGG	NA	2
Mir-4847_5p	AAUGAUG	NA	1
Mir-484_3p	NA	CAGGCUC	14
Mir-4857_5p	CGAUGUU	NA	2
Mir-4859_3p	NA	GACAGUA	2
Mir-4859_5p	GCAGCGA	NA	2
Mir-4860_3p	NA	GUAGAGA	2
Mir-4861_3p	NA	UUUACGU	2
Mir-4862_5p	CGCGUUU	NA	2
Mir-4863_3p	NA	GGGCCAU	2
Mir-4864_3p	NA	AGCCAGA	2
Mir-4865_3p	NA	GUAGAGA	2
Mir-4866_5p	CACACUU	NA	2
Mir-4868_3p	NA	CAGCUCC	2
Mir-4869_5p	CGAUGUU	NA	2
Mir-486_5p	CCUGUAC	NA	16
Mir-4871_3p	NA	UUGGCAC	2
Mir-4872_3p	NA	UCGACUC	1
Mir-4872_3p	NA	UGAUAUA	2
Mir-4872_5p	GCCGGGA	NA	1
Mir-4872_5p	GCCGGGG	NA	5
Mir-4872_5p	GCUGAGG	NA	2
Mir-4872_5p	GCUGGGG	NA	1
Mir-4872_5p	GUCAGGA	NA	2
Mir-4872_5p	UACGGGG	NA	18
Mir-4872_5p	UGCCGGG	NA	2
Mir-4872_5p	UGCGGGG	NA	20
Mir-4873_5p	GUUCCCA	NA	2
Mir-4874_3p	NA	UGGCUGG	1
Mir-4874_5p	GUUUGUA	NA	2
Mir-4876_3p	NA	UUACGUG	3
Mir-4879_5p	AAACUAU	NA	2
Mir-4880_5p	UUGCUAU	NA	2
Mir-4881_3p	NA	CUAUUUG	1
Mir-4886_3p	NA	UUGCCGA	2
Mir-4887_5p	UCUCGAU	NA	2
Mir-4888_5p	GCAGAGC	NA	2
Mir-488_3p	NA	UGAAAGG	14
Mir-4891_3p	NA	GUAACAG	1
Mir-4891_3p	NA	GUACCAG	1
Mir-489_3p	NA	AUGACAC	1
Mir-489_3p	NA	GACAUCA	2
Mir-489_3p	NA	UGACAUC	30
Mir-490_3p	NA	AACCUGG	27
Mir-490_5p	CAUGGAU	NA	2
Mir-491_5p	GUGGGGA	NA	13
Mir-493_3p	NA	GAAGGUC	4
Mir-493_5p	UGUACAC	NA	2
Mir-493_5p	UGUACAU	NA	12
Mir-493_5p	UGUAUGU	NA	1
Mir-4969_5p	GGUAAAU	NA	3
Mir-4983_3p	NA	AAAUUCU	2
Mir-499_3p	NA	ACAUCAC	2
Mir-499_5p	UAAGACU	NA	41
Mir-5045_3p	NA	AGAGAUA	1
Mir-5045_3p	NA	AGAGAUU	1
Mir-5045_5p	GUCUAAA	NA	1
Mir-504_5p	GACCCUG	NA	15
Mir-505_3p	NA	AUCAACA	1
Mir-505_3p	NA	GUCAACA	9
Mir-505_5p	GGAGCCA	NA	8
Mir-506_3p	NA	AAAGCCA	2
Mir-506_3p	NA	AAAGGUG	2
Mir-506_3p	NA	AACUGCA	3
Mir-506_3p	NA	AAGACAC	2
Mir-506_3p	NA	AAGACAU	1
Mir-506_3p	NA	AAGACGC	1
Mir-506_3p	NA	AAUGGCA	1
Mir-506_3p	NA	ACCAAGA	1
Mir-506_3p	NA	ACCAAGG	1
Mir-506_3p	NA	ACCGUGU	1
Mir-506_3p	NA	ACUAGAU	1
Mir-506_3p	NA	ACUAGUU	2
Mir-506_3p	NA	ACUCCAU	2
Mir-506_3p	NA	ACUGAGG	1
Mir-506_3p	NA	ACUGGCU	4
Mir-506_3p	NA	ACUGGGU	1
Mir-506_3p	NA	ACUGGUU	3
Mir-506_3p	NA	ACUGUGG	1
Mir-506_3p	NA	ACUGUGU	4
Mir-506_3p	NA	ACUGUUC	1
Mir-506_3p	NA	ACUGUUU	4
Mir-506_3p	NA	AGAAACC	1
Mir-506_3p	NA	AGUCACU	4
Mir-506_3p	NA	AGUCAGU	1
Mir-506_3p	NA	AGUCGGU	2
Mir-506_3p	NA	AGUGCGC	1
Mir-506_3p	NA	AUCAGGG	6
Mir-506_3p	NA	AUCAGUG	1
Mir-506_3p	NA	AUGGCAC	1
Mir-506_3p	NA	AUGGUAC	1
Mir-506_3p	NA	AUUAGUA	7
Mir-506_3p	NA	AUUCGGC	2
Mir-506_3p	NA	AUUCGGU	1
Mir-506_3p	NA	CAUGACA	2
Mir-506_3p	NA	CUGACAC	1
Mir-506_3p	NA	CUGGCAC	1
Mir-506_3p	NA	CUGUCAC	2
Mir-506_3p	NA	CUUGGCA	1
Mir-506_3p	NA	GAAAGAU	1
Mir-506_3p	NA	GAAGUGU	1
Mir-506_3p	NA	GAAUGGC	3
Mir-506_3p	NA	GACUGAA	1
Mir-506_3p	NA	GACUGGC	3
Mir-506_3p	NA	GAGAGAU	1
Mir-506_3p	NA	GAUAGAC	1
Mir-506_3p	NA	GAUUAAC	1
Mir-506_3p	NA	GAUUGAA	5
Mir-506_3p	NA	GAUUGAC	5
Mir-506_3p	NA	GAUUGCA	2
Mir-506_3p	NA	GAUUGGC	2
Mir-506_3p	NA	GAUUGGU	13
Mir-506_3p	NA	GAUUGUA	2
Mir-506_3p	NA	GAUUGUC	2
Mir-506_3p	NA	GCUGUUU	1
Mir-506_3p	NA	GUCAGUG	1
Mir-506_3p	NA	UAACCGC	1
Mir-506_3p	NA	UAAGGCA	3
Mir-506_3p	NA	UAGUACC	3
Mir-506_3p	NA	UCGGGAU	1
Mir-506_3p	NA	UGACACC	2
Mir-506_3p	NA	UUGAAAC	1
Mir-506_3p	NA	UUGACAC	9
Mir-506_3p	NA	UUGGAAC	1
Mir-506_3p	NA	UUGGCAC	6
Mir-506_3p	NA	UUGGCAU	1
Mir-506_3p	NA	UUGGUAC	2
Mir-506_3p	NA	UUGUCAC	3
Mir-506_3p	NA	UUGUCGC	1
Mir-506_3p	NA	UUUGCAC	3
Mir-506_3p	NA	UUUGGUG	3
Mir-506_5p	AACUCCA	NA	1
Mir-506_5p	ACCCAGC	NA	3
Mir-506_5p	ACCCAGU	NA	2
Mir-506_5p	ACCCCAA	NA	1
Mir-506_5p	ACCCGGA	NA	3
Mir-506_5p	ACCCGGU	NA	1
Mir-506_5p	ACCUAAU	NA	2
Mir-506_5p	ACGUAGU	NA	2
Mir-506_5p	ACUCAAA	NA	4
Mir-506_5p	ACUCAAG	NA	2
Mir-506_5p	ACUCAGG	NA	3
Mir-506_5p	ACUCAGU	NA	2
Mir-506_5p	ACUCCAG	NA	4
Mir-506_5p	ACUCCGG	NA	2
Mir-506_5p	ACUGCAG	NA	1
Mir-506_5p	ACUUAGG	NA	1
Mir-506_5p	ACUUCAC	NA	1
Mir-506_5p	ACUUCAG	NA	2
Mir-506_5p	ACUUGGA	NA	3
Mir-506_5p	AUCCAGU	NA	1
Mir-506_5p	AUCUAGU	NA	2
Mir-506_5p	AUUUAGA	NA	2
Mir-506_5p	CUUCACC	NA	1
Mir-506_5p	UCACAAG	NA	11
Mir-506_5p	UCACAGG	NA	7
Mir-506_5p	UCAUAGG	NA	1
Mir-506_5p	UCCCCAA	NA	1
Mir-506_5p	UCUCAAG	NA	5
Mir-506_5p	UCUUGGA	NA	1
Mir-511_3p	NA	AUGUGUA	8
Mir-511_5p	GUGUCUU	NA	2
Mir-511_5p	UUGUCUU	NA	1
Mir-52_5p	ACCCGUA	NA	3
Mir-5305_3p	NA	GGGCUUG	1
Mir-5305_3p	NA	UGGGCUU	11
Mir-5308_3p	NA	AUACGUC	1
Mir-5308_5p	CUGUGCU	NA	1
Mir-5315_5p	ACACAAC	NA	1
Mir-5342_3p	NA	AAUAUCA	1
Mir-5345_5p	AGGCACU	NA	1
Mir-5347_3p	NA	GACGGUG	1
Mir-5350_3p	NA	UUGGCAC	6
Mir-5350_5p	CGGGUAU	NA	1
Mir-5353_3p	NA	CAUUGCG	1
Mir-5355_5p	GAACACC	NA	1
Mir-5357_3p	NA	AUGGACA	1
Mir-5359_5p	CUGGGAU	NA	1
Mir-5360_5p	CGAAUCG	NA	1
Mir-5361_3p	NA	AAGCUUC	1
Mir-5361_5p	GGGAUAU	NA	1
Mir-5363_5p	UGGGCAA	NA	1
Mir-5364_3p	NA	GAGGUAU	1
Mir-5396_5p	CACACAA	NA	1
Mir-5396_5p	CGCACAA	NA	1
Mir-5397_5p	ACGCAGA	NA	1
Mir-5399_3p	NA	UGCAAGA	1
Mir-5402_5p	CUUCUCU	NA	1
Mir-5405_5p	GUUUUAU	NA	1
Mir-5406_5p	UUUAGAC	NA	1
Mir-5407_5p	UUCGGAU	NA	1
Mir-5408_5p	UAUCUCC	NA	1
Mir-540_3p	NA	GGUCAGA	2
Mir-5412_5p	AGGGUCC	NA	1
Mir-5417_3p	NA	CAUCCCA	1
Mir-541_3p	NA	GGUGGGC	4
Mir-541_5p	AAGGAUU	NA	9
Mir-541_5p	AGGGAUU	NA	2
Mir-5426_3p	NA	AGGAAGU	1
Mir-5426_5p	ACUCUAA	NA	1
Mir-542_3p	NA	GUGACAG	16
Mir-542_5p	CGGGGAU	NA	1
Mir-5435_3p	NA	AGGAAUU	1
Mir-5435_5p	AUGACCU	NA	1
Mir-5436_5p	GCUCGCU	NA	1
Mir-544_3p	NA	UUCUGCA	4
Mir-544_5p	CUUGGUA	NA	1
Mir-544_5p	CUUGUUA	NA	12
Mir-544_5p	UUGUUAA	NA	1
Mir-5452_5p	GGCCCUC	NA	1
Mir-54_3p	NA	ACCCGUA	10
Mir-54_5p	CAUGUUG	NA	1
Mir-54_5p	CGAACCU	NA	1
Mir-550_3p	NA	GUCUUAC	6
Mir-550_3p	NA	GUCUUAU	1
Mir-550_5p	GUGCCUG	NA	1
Mir-551_3p	NA	CGACCCA	62
Mir-551_5p	AAACCAA	NA	1
Mir-551_5p	AAAUCAA	NA	2
Mir-551_5p	AAGUCAA	NA	1
Mir-552_3p	NA	ACAAGUG	1
Mir-552_3p	NA	ACAGGUG	2
Mir-552_3p	NA	ACGGGUG	1
Mir-552_5p	GUUAAAC	NA	1
Mir-552_5p	GUUUAAC	NA	2
Mir-552_5p	GUUUGAC	NA	1
Mir-556_3p	NA	UAUUACA	4
Mir-556_3p	NA	UAUUACC	1
Mir-556_5p	AUGAACU	NA	1
Mir-556_5p	AUGAGCU	NA	4
Mir-5579_5p	AUGGUAC	NA	2
Mir-5579_5p	UUGGUAC	NA	1
Mir-5581_3p	NA	UCCAUGC	3
Mir-5581_5p	CCUUCCA	NA	2
Mir-5581_5p	CCUUCCG	NA	1
Mir-5586_3p	NA	AGAGUGA	1
Mir-5586_5p	UAUCCAG	NA	4
Mir-5594_3p	NA	UUGAACU	1
Mir-5594_5p	AGAGUAC	NA	1
Mir-5600_5p	CGAAACC	NA	1
Mir-561_5p	UCAAGGA	NA	3
Mir-5621_3p	NA	GGGCCCU	1
Mir-5626_3p	NA	AGCAGUU	1
Mir-5687_3p	NA	UAGAACA	2
Mir-5687_3p	NA	UAGAACG	1
Mir-5687_3p	NA	UAGAAGG	1
Mir-5687_5p	UGACUCU	NA	3
Mir-5687_5p	UGAUUCU	NA	1
Mir-5731_3p	NA	UGGGCAC	3
Mir-5733_5p	ACUUGAU	NA	1
Mir-5734_3p	NA	UGGGGUA	1
Mir-5735_3p	NA	GGACAAC	4
Mir-5736_3p	NA	UUCGCCA	1
Mir-5738_5p	AUGUAAU	NA	1
Mir-574_3p	NA	ACGCUCA	12
Mir-574_5p	GAGUGUG	NA	3
Mir-576_5p	UUCUAAU	NA	3
Mir-576_5p	UUCUCAU	NA	1
Mir-577_5p	UAGAUAA	NA	4
Mir-579_3p	NA	UCAUUUG	4
Mir-580_3p	NA	UGAGAAU	1
Mir-580_3p	NA	UGAGUCU	2
Mir-580_3p	NA	UUGAGUC	1
Mir-582_3p	NA	AACCGGC	1
Mir-582_3p	NA	AACCGGU	1
Mir-582_3p	NA	ACCGGUU	2
Mir-582_3p	NA	ACCUGUU	1
Mir-582_3p	NA	ACUGGUU	1
Mir-582_5p	UACAGUU	NA	11
Mir-584_5p	UAUGGUU	NA	3
Mir-584_5p	UCUGGUU	NA	1
Mir-585_3p	NA	GGGCGUA	1
Mir-589_5p	GAGAACC	NA	4
Mir-590_3p	NA	AAUUUUA	7
Mir-590_3p	NA	ACUUUUA	1
Mir-590_3p	NA	AGUUUUA	1
Mir-590_3p	NA	CGUUUUA	1
Mir-592_5p	UGUGUCA	NA	15
Mir-598_3p	NA	ACGUCAU	11
Mir-599_3p	NA	UGUGUCA	2
Mir-599_3p	NA	UUGUGUC	1
Mir-599_5p	UUGAUAA	NA	22
Mir-59_3p	NA	CGAAUCG	1
Mir-6001_3p	NA	UCUCUUU	1
Mir-6012_3p	NA	UCGGCGA	3
Mir-6012_5p	GGCUGAC	NA	1
Mir-6039_5p	AUCGAAC	NA	1
Mir-6040_3p	NA	AGUACGG	1
Mir-605_3p	NA	GAAGGCA	3
Mir-605_3p	NA	GAAGGUG	1
Mir-6119_5p	GAGGUAA	NA	2
Mir-615_3p	NA	CCGAGCC	14
Mir-616_5p	CUCAAAA	NA	4
Mir-624_3p	NA	ACACAAG	1
Mir-624_5p	AGUACCA	NA	3
Mir-628_3p	NA	CUAGUAA	2
Mir-628_5p	UGCUGAC	NA	12
Mir-629_5p	GGGUUUA	NA	3
Mir-629_5p	GGGUUUC	NA	1
Mir-62_3p	NA	GAUAUGU	2
Mir-6301_3p	NA	CAGUUCA	2
Mir-6302_3p	NA	AAACUCA	2
Mir-6304_5p	UUCCAGU	NA	1
Mir-6305_5p	UAUGCUA	NA	1
Mir-6307_3p	NA	AAGCUCG	1
Mir-6324_5p	GCUCUGC	NA	1
Mir-6329_5p	AUGUGAC	NA	1
Mir-63_3p	NA	AUGACAC	1
Mir-642_5p	UCCCUCU	NA	3
Mir-642_5p	UCUCUCU	NA	1
Mir-64_3p	NA	CUACCGG	1
Mir-64_3p	NA	GGACCGC	1
Mir-64_5p	AUGACAC	NA	7
Mir-651_5p	UAGGGCA	NA	1
Mir-651_5p	UUAGAAU	NA	1
Mir-651_5p	UUAGGAU	NA	3
Mir-6525_5p	UGGGGAA	NA	1
Mir-6529_3p	NA	CUGUGCC	1
Mir-6529_5p	AGAGAUC	NA	13
Mir-652_3p	NA	AUGGCGC	15
Mir-653_3p	NA	CACUGGA	1
Mir-653_3p	NA	UCACUAG	1
Mir-653_3p	NA	UCACUGG	3
Mir-653_5p	GUUGAAA	NA	2
Mir-653_5p	UGAAACA	NA	8
Mir-666_3p	NA	GCUGCAG	1
Mir-666_5p	GCGGGCA	NA	1
Mir-667_3p	NA	GACACCU	2
Mir-670_3p	NA	UUCCUCA	13
Mir-6715_3p	NA	CAAACCA	11
Mir-6715_5p	CAGGCAC	NA	6
Mir-6715_5p	CAGGCCG	NA	1
Mir-671_3p	NA	CCGGUUC	12
Mir-671_3p	NA	CCUACGC	1
Mir-671_3p	NA	UCUACGC	1
Mir-671_5p	GGAAGCC	NA	9
Mir-672_5p	GAGGUUG	NA	9
Mir-673_3p	NA	CCGGGAC	1
Mir-673_5p	UCACAGC	NA	1
Mir-674_3p	NA	ACAGCUC	1
Mir-674_5p	CACUGAG	NA	1
Mir-675_3p	NA	UGUAUGC	11
Mir-675_5p	GGAGCGG	NA	2
Mir-675_5p	GGCGCGG	NA	1
Mir-676_3p	NA	CGUCCUA	9
Mir-676_3p	NA	CGUCCUG	2
Mir-676_3p	NA	CGUCCUU	1
Mir-676_3p	NA	UGUCCUA	1
Mir-67_3p	NA	ACAACCU	2
Mir-67_3p	NA	AUCACAG	1
Mir-67_3p	NA	CACAACC	52
Mir-67_5p	ACUCAUU	NA	1
Mir-67_5p	CCUUAUU	NA	1
Mir-67_5p	CUCACUC	NA	2
Mir-67_5p	CUCGUUC	NA	1
Mir-700_3p	NA	ACGCAGG	1
Mir-700_3p	NA	ACGCGGG	1
Mir-700_5p	AAGGCUC	NA	2
Mir-701_5p	UAGCCGC	NA	1
Mir-708_3p	NA	AACUAGA	5
Mir-708_5p	AGGAGCU	NA	14
Mir-70_3p	NA	AAUACGU	2
Mir-7132_3p	NA	GAGAGGU	1
Mir-7132_3p	NA	GAGAUGU	1
Mir-7132_3p	NA	GAGGCGU	2
Mir-7132_5p	ACUUGGU	NA	4
Mir-7133_3p	NA	AGUUUGA	2
Mir-7133_5p	AUGCUGA	NA	1
Mir-7133_5p	AUGUUGA	NA	1
Mir-7147_5p	GUACCAU	NA	9
Mir-7148_5p	AUGGAAA	NA	1
Mir-7149_3p	NA	UCCAAGU	1
Mir-7151_3p	NA	CUACAGG	1
Mir-7151_5p	AUCCAUC	NA	1
Mir-7170_5p	GGACUGC	NA	1
Mir-7172_5p	GGCCUCU	NA	1
Mir-7174_5p	GGAGUGA	NA	1
Mir-7177_3p	NA	AAUGGUC	1
Mir-7179_3p	NA	CAGGAAC	1
Mir-7179_5p	UACGUGA	NA	1
Mir-7180_3p	NA	GGCCUCU	3
Mir-7180_3p	NA	GUGGCCU	4
Mir-7181_3p	NA	GGAGCCA	1
Mir-7184_3p	NA	GAGCCUU	1
Mir-7189_3p	NA	AUGUUCU	1
Mir-7189_5p	CGUGCUG	NA	1
Mir-71_3p	NA	AUCACUA	1
Mir-71_3p	NA	CUCACUA	13
Mir-71_3p	NA	GUGUUAA	1
Mir-71_3p	NA	UCACUAC	1
Mir-71_3p	NA	UCUCACU	1
Mir-71_5p	GAAAGAC	NA	56
Mir-7205_3p	NA	CUCUGAC	1
Mir-7205_5p	CGAGGGG	NA	1
Mir-7208_3p	NA	GCAAAGC	1
Mir-7208_5p	AACUGAG	NA	1
Mir-7211_3p	NA	GGAGUGA	1
Mir-7220_3p	NA	CAGGAAC	1
Mir-722_3p	NA	UUUGCAG	10
Mir-723_3p	NA	GACAUCA	8
Mir-7244_5p	AUGGGAA	NA	1
Mir-7246_3p	NA	UGGAAAC	3
Mir-7247_3p	NA	CGCGACA	2
Mir-7248_5p	AUAGAGC	NA	1
Mir-724_5p	UAAAGGG	NA	9
Mir-7250_5p	ACGGCCC	NA	3
Mir-7251_5p	CUAAGCU	NA	3
Mir-7254_5p	CACCACC	NA	3
Mir-7257_3p	NA	UGAAAGU	1
Mir-725_3p	NA	UCAGUCA	12
Mir-7262_3p	NA	AAAACCG	1
Mir-7262_3p	NA	AAAACGG	1
Mir-7262_3p	NA	AAAUGCA	1
Mir-7262_3p	NA	AACUGCA	1
Mir-7262_3p	NA	AACUGCU	3
Mir-7262_3p	NA	AACUGGA	3
Mir-7262_3p	NA	AACUGUG	3
Mir-7262_3p	NA	ACAACGG	3
Mir-7262_3p	NA	UCAAGCA	1
Mir-7262_3p	NA	UGCACUA	1
Mir-7262_5p	CCCAAAA	NA	1
Mir-726_3p	NA	UCACCAC	1
Mir-726_3p	NA	UCACUAC	12
Mir-7270_5p	AAGAUCA	NA	1
Mir-7275_3p	NA	GAAUGUG	1
Mir-7277_3p	NA	GGGGCAG	1
Mir-727_3p	NA	GAGGCGA	1
Mir-727_3p	NA	UGAGGCG	3
Mir-727_5p	CAGUCUU	NA	7
Mir-7281_5p	AAUAGGC	NA	2
Mir-7284_3p	NA	UACCAAC	3
Mir-7286_3p	NA	AUUUUAG	3
Mir-7288_3p	NA	CACCACG	1
Mir-7288_5p	GUUGGUA	NA	2
Mir-7289_5p	GAGCAGC	NA	1
Mir-728_3p	NA	AUACUAA	2
Mir-728_3p	NA	UACUAAG	4
Mir-728_5p	AAUGUAG	NA	1
Mir-7292_3p	NA	UGCUAGG	2
Mir-7292_5p	AGGAAGG	NA	1
Mir-7293_3p	NA	CGCUGGG	3
Mir-7296_3p	NA	AAGAUGA	1
Mir-7298_5p	CAAGUUA	NA	1
Mir-729_3p	NA	AUGGGUA	2
Mir-7301_5p	UCCUAAU	NA	1
Mir-7303_3p	NA	AGGCGUC	3
Mir-7303_3p	NA	UAUGCGU	3
Mir-7303_5p	CAUCCAA	NA	1
Mir-7304_3p	NA	AUGGGGU	3
Mir-7307_3p	NA	AAAUGGU	1
Mir-7307_5p	GUUCAGA	NA	1
Mir-7309_3p	NA	CAAUGUG	3
Mir-7313_3p	NA	CUGAACA	1
Mir-7318_3p	NA	UGCGUAU	4
Mir-7319_3p	NA	AAGUUGG	3
Mir-7323_5p	UACAGAA	NA	3
Mir-7327_3p	NA	GCGAUUU	2
Mir-7327_5p	GAGGGGU	NA	1
Mir-7329_3p	NA	GGCCAAU	3
Mir-732_3p	NA	UCAAAGC	1
Mir-7332_3p	NA	CUGAAUC	3
Mir-7333_3p	NA	CUGUUGC	3
Mir-7336_3p	NA	CGCACAC	1
Mir-7336_5p	GUGGAUG	NA	2
Mir-7344_5p	AGUCUCU	NA	1
Mir-734_3p	NA	AAAUGCU	4
Mir-7356_3p	NA	GGGUCUU	2
Mir-7356_5p	GGGUCUU	NA	1
Mir-7357_5p	AUGGAGU	NA	1
Mir-7358_5p	GCGAAAG	NA	1
Mir-7359_5p	AGAAUGU	NA	6
Mir-7360_3p	NA	UAUUGUA	9
Mir-7360_5p	ACAUUCU	NA	4
Mir-7360_5p	CCAUUCU	NA	6
Mir-7361_3p	NA	UCACUCU	1
Mir-7363_3p	NA	UACCCAA	3
Mir-7365_5p	GAAUCGA	NA	1
Mir-7368_3p	NA	CACCAGC	2
Mir-7368_5p	GAGUAGG	NA	1
Mir-7370_3p	NA	AGGGAUA	1
Mir-7370_5p	UUCACAC	NA	2
Mir-7371_3p	NA	AAAGAGC	3
Mir-7371_3p	NA	AAAGAGG	1
Mir-7371_3p	NA	AACGAGC	2
Mir-7371_3p	NA	AAGAAGG	1
Mir-7371_3p	NA	AAGAAGU	2
Mir-7371_3p	NA	AAGAGCA	3
Mir-7371_3p	NA	AAGGACC	1
Mir-7371_3p	NA	AAGUAAC	1
Mir-7371_3p	NA	AAGUCAC	1
Mir-7371_3p	NA	AAGUUGC	1
Mir-7371_3p	NA	AAUAAGG	1
Mir-7371_3p	NA	AAUGAGC	2
Mir-7371_3p	NA	AAUGAGG	2
Mir-7371_3p	NA	ACGUUGC	4
Mir-7371_3p	NA	AGAGCAU	9
Mir-7371_3p	NA	AGAUCAU	1
Mir-7371_3p	NA	AGGAAUA	2
Mir-7371_3p	NA	AGGUACU	1
Mir-7371_3p	NA	AGGUUGU	1
Mir-7371_3p	NA	AGUCACA	1
Mir-7371_3p	NA	AGUCAUG	1
Mir-7371_3p	NA	AGUCCCA	1
Mir-7371_3p	NA	AGUGGUG	2
Mir-7371_3p	NA	AGUUGUA	1
Mir-7371_3p	NA	AUAAACA	1
Mir-7371_3p	NA	AUAAAUU	3
Mir-7371_3p	NA	AUAAGGA	2
Mir-7371_3p	NA	AUAAUUU	3
Mir-7371_3p	NA	AUAGACA	1
Mir-7371_3p	NA	GAAGAGC	1
Mir-7371_3p	NA	GAAGCGA	1
Mir-7371_3p	NA	GUAAGGG	1
Mir-7371_3p	NA	GUCGUCA	1
Mir-7371_3p	NA	UAAACAC	1
Mir-7371_3p	NA	UAAUCAC	2
Mir-7371_3p	NA	UAGAGCA	1
Mir-7371_3p	NA	UAGUCCC	1
Mir-7371_3p	NA	UGAUACA	3
Mir-7371_5p	ACGUGGA	NA	6
Mir-7371_5p	ACUUGGA	NA	3
Mir-7371_5p	AUUGUAC	NA	1
Mir-7371_5p	CCUUGUA	NA	1
Mir-7371_5p	CCUUUGU	NA	1
Mir-7371_5p	CUCGGAU	NA	4
Mir-7371_5p	CUCUGGA	NA	1
Mir-7371_5p	CUUGGAC	NA	1
Mir-7371_5p	CUUGGAU	NA	7
Mir-7371_5p	CUUUGUA	NA	4
Mir-7371_5p	CUUUUGC	NA	1
Mir-7371_5p	GCUGGAU	NA	1
Mir-7371_5p	GCUGUAC	NA	3
Mir-7371_5p	UAUGGAC	NA	1
Mir-7371_5p	UCUGAUA	NA	1
Mir-7371_5p	UCUGGAC	NA	1
Mir-7371_5p	UUUGGAC	NA	2
Mir-7371_5p	UUUGUAC	NA	1
Mir-7373_3p	NA	AAAGAGA	2
Mir-7373_3p	NA	AAGGAGA	1
Mir-7373_3p	NA	AAUAUAA	2
Mir-7373_3p	NA	AGACAGA	1
Mir-7373_3p	NA	AGAGUGG	1
Mir-7373_3p	NA	AGCAAUA	1
Mir-7373_3p	NA	AGGCACU	2
Mir-7373_3p	NA	AGGGCGG	1
Mir-7373_3p	NA	AGGGUGG	2
Mir-7373_3p	NA	AGUGACU	1
Mir-7373_3p	NA	CAGCUAC	4
Mir-7373_3p	NA	CUGCUGC	2
Mir-7373_3p	NA	GGUAGAG	1
Mir-7373_3p	NA	GUUAGAG	1
Mir-7373_3p	NA	GUUAGGG	4
Mir-7373_3p	NA	UUGGGUG	1
Mir-7373_5p	AGCCCUU	NA	40
Mir-7376_3p	NA	AGCUCGC	2
Mir-7377_3p	NA	CAUCCUG	3
Mir-7377_5p	AGAGGUC	NA	1
Mir-7378_3p	NA	CCCUUAG	3
Mir-7378_5p	UGGGACA	NA	2
Mir-7378_5p	UGGGGCA	NA	1
Mir-7379_3p	NA	CUGGAUG	3
Mir-737_3p	NA	AGUCAAA	1
Mir-737_5p	UUUUCUU	NA	1
Mir-737_5p	UUUUUUU	NA	13
Mir-7382_3p	NA	ACUAGGG	1
Mir-7383_3p	NA	AGAGGCU	3
Mir-7383_5p	AAGGUAC	NA	12
Mir-7385_3p	NA	AAAGUAG	1
Mir-7385_3p	NA	AAAUUAG	1
Mir-7385_3p	NA	AACACAG	3
Mir-7385_3p	NA	AACAUAG	2
Mir-7385_3p	NA	AACUUAG	2
Mir-7385_3p	NA	AAGGUAG	4
Mir-7385_3p	NA	AAUAUAG	1
Mir-7385_3p	NA	ACCUUGG	1
Mir-7385_3p	NA	AGCACAG	1
Mir-7385_3p	NA	AGCAUAG	1
Mir-7385_3p	NA	GAGGUAG	1
Mir-7385_5p	AGUCUGA	NA	2
Mir-7385_5p	UAUCAGA	NA	1
Mir-7385_5p	UAUCAGG	NA	2
Mir-7391_5p	CGUGGUA	NA	1
Mir-7392_3p	NA	AGCCUCA	1
Mir-7392_5p	ACGAGUA	NA	5
Mir-7393_3p	NA	GUGACCU	1
Mir-7394_3p	NA	GUGACCU	6
Mir-7394_5p	AUGUGUG	NA	3
Mir-7395_3p	NA	UGACCAG	1
Mir-7397_3p	NA	GACCAAG	1
Mir-7397_5p	AUCUGUA	NA	2
Mir-7398_3p	NA	AAAUCCU	2
Mir-7398_3p	NA	AAAUUCU	2
Mir-7398_3p	NA	AAAUUUC	8
Mir-7398_3p	NA	AACCCUC	3
Mir-7398_3p	NA	AACCUUC	1
Mir-7398_3p	NA	AACCUUU	3
Mir-7398_3p	NA	AACGCAC	1
Mir-7398_3p	NA	AAGUUUC	1
Mir-7398_3p	NA	AAUUCAC	3
Mir-7398_3p	NA	AAUUCUC	1
Mir-7398_3p	NA	AAUUUAU	1
Mir-7398_3p	NA	AUCUCAC	5
Mir-7398_3p	NA	UAAAUCC	1
Mir-7398_5p	GUAGAGA	NA	2
Mir-7398_5p	GUGUAGA	NA	15
Mir-7398_5p	GUGUGGA	NA	8
Mir-7398_5p	GUUGAGA	NA	1
Mir-7398_5p	UCGUAGA	NA	1
Mir-7398_5p	UGUGUAG	NA	3
Mir-73_3p	NA	GGCAAGA	7
Mir-73_3p	NA	GGCAGUG	1
Mir-73_5p	GGACUUC	NA	1
Mir-7406_3p	NA	CGGUACC	1
Mir-7414_3p	NA	GGUCUUG	1
Mir-7416_3p	NA	CUAUCUG	1
Mir-7419_3p	NA	GUUUAGA	1
Mir-7422_3p	NA	ACCUCUG	1
Mir-7423_3p	NA	GGACAAG	1
Mir-7428_3p	NA	CUGAUUG	1
Mir-7428_5p	AAAUCAG	NA	1
Mir-7432_3p	NA	GGACAGA	1
Mir-7433_3p	NA	UGAUGAU	1
Mir-7435_5p	GGGAUUU	NA	1
Mir-7441_5p	UGAGGAG	NA	1
Mir-744_5p	GCGGGGC	NA	15
Mir-7462_5p	AACCUCA	NA	1
Mir-7463_3p	NA	UUACUUU	5
Mir-7463_5p	GAGUCUC	NA	2
Mir-750_3p	NA	CAGAUCU	48
Mir-750_5p	GCUGGAA	NA	2
Mir-7579_3p	NA	GAGGACC	1
Mir-7580_3p	NA	AACCCAA	2
Mir-7583_3p	NA	CAUCCGA	3
Mir-7583_5p	GCUGCAA	NA	1
Mir-7583_5p	GUUGCAA	NA	1
Mir-7584_5p	GAGAUAC	NA	1
Mir-7585_3p	NA	GAGAUAC	1
Mir-7586_3p	NA	GGAAUCC	1
Mir-7587_5p	CUAGAAU	NA	1
Mir-7588_3p	NA	AAACCGA	1
Mir-7589_3p	NA	GGAAAUG	1
Mir-7590_3p	NA	CACCAUU	1
Mir-7590_5p	GGUCUUA	NA	1
Mir-7591_3p	NA	AUCGGUA	1
Mir-7593_3p	NA	GAGGUAU	1
Mir-7594_3p	NA	GAGGUAG	4
Mir-7595_5p	ACCCGUU	NA	1
Mir-7595_5p	ACCCUAC	NA	2
Mir-7596_5p	GGAAUGG	NA	1
Mir-760_3p	NA	GGCUCUG	14
Mir-7643_5p	UGACUGA	NA	1
Mir-7647_3p	NA	AGUCCAG	1
Mir-766_3p	NA	CUCCAGC	1
Mir-766_5p	GGAGGAA	NA	2
Mir-769_3p	NA	UGGGAUC	1
Mir-769_5p	AAGACCU	NA	1
Mir-769_5p	GAAACCU	NA	1
Mir-769_5p	GAGACCU	NA	12
Mir-769_5p	GAGGCCU	NA	1
Mir-76_3p	NA	UCGUUGU	60
Mir-76_5p	CAGUUUC	NA	1
Mir-76_5p	CGGGUUU	NA	1
Mir-7706_3p	NA	GAAGCGC	3
Mir-770_3p	NA	UGGGCCC	1
Mir-770_3p	NA	UGGGCCU	1
Mir-770_5p	CCAGUAC	NA	4
Mir-770_5p	GCACCAC	NA	2
Mir-77_3p	NA	UCAUCAG	4
Mir-784_5p	GGCACAA	NA	2
Mir-7854_3p	NA	GAGGUGA	1
Mir-7854_3p	NA	GAGGUGG	1
Mir-7858_5p	AGGAUUU	NA	1
Mir-7859_3p	NA	AAAACUG	1
Mir-785_3p	NA	AAGUGAA	3
Mir-7861_5p	CACUCAG	NA	1
Mir-7862_5p	ACAGCUC	NA	1
Mir-787_3p	NA	AAGCUCG	2
Mir-788_3p	NA	AAUGGGA	1
Mir-788_3p	NA	GAAAUGG	1
Mir-789_5p	ACGUGGU	NA	1
Mir-789_5p	AUUGAUG	NA	2
Mir-791_3p	NA	UUGGCAC	3
Mir-791_5p	UGGUCUG	NA	1
Mir-792_3p	NA	UGAAAUC	1
Mir-794_5p	GAGGUAA	NA	1
Mir-796_5p	GGAAUGU	NA	1
Mir-799_3p	NA	GAACCCU	1
Mir-7_3p	NA	AACAAAU	6
Mir-7_5p	GGAAGAC	NA	217
Mir-7_5p	GGUAGAC	NA	1
Mir-800_3p	NA	CCAAACU	1
Mir-800_5p	GACAAUU	NA	1
Mir-8160_5p	GAAUAAU	NA	5
Mir-85_3p	NA	ACAAAGU	2
Mir-86_5p	AAGUGAA	NA	3
Mir-872_3p	NA	GAACUAU	1
Mir-872_5p	AGGUUAC	NA	5
Mir-873_3p	NA	AGACUGA	8
Mir-873_5p	GCAGGAA	NA	16
Mir-874_3p	NA	UGCCCUG	15
Mir-875_5p	AUACCUC	NA	26
Mir-876_3p	NA	GGGGGUU	1
Mir-876_3p	NA	GGUGGUU	13
Mir-877_5p	UAGAGGA	NA	11
Mir-879_5p	GAGGCUU	NA	2
Mir-87_3p	NA	UGAGCAA	109
Mir-87_5p	AGCCCGG	NA	1
Mir-87_5p	AGCCGGA	NA	1
Mir-87_5p	CACUUGG	NA	1
Mir-87_5p	CGCCUGA	NA	1
Mir-87_5p	UGCCUGG	NA	2
Mir-8859_3p	NA	GGAUCGG	1
Mir-8859_5p	CCGCGCC	NA	1
Mir-885_3p	NA	GGCAGCG	1
Mir-885_5p	CCAUUAC	NA	10
Mir-887_3p	NA	UGAACGG	4
Mir-8902_5p	AUCCAUU	NA	1
Mir-8908_3p	NA	AACAGUG	1
Mir-8908_3p	NA	ACGAGUA	1
Mir-8908_3p	NA	AGUGACU	1
Mir-8908_3p	NA	AUUAGCA	1
Mir-8908_3p	NA	AUUAGGA	4
Mir-8908_3p	NA	AUUAGUU	1
Mir-8908_3p	NA	UAGCGCC	2
Mir-8908_3p	NA	UUAGCAU	1
Mir-8908_3p	NA	UUAGCGC	2
Mir-8908_3p	NA	UUAGGAC	1
Mir-8908_5p	AUCCAGA	NA	1
Mir-8908_5p	AUUCAGG	NA	1
Mir-8908_5p	GCAUAGG	NA	1
Mir-8_3p	NA	AACACUG	64
Mir-8_3p	NA	AAUACUG	176
Mir-8_3p	NA	AGCACUG	1
Mir-8_3p	NA	AUUACUG	1
Mir-8_5p	AUCAUAC	NA	1
Mir-8_5p	AUCGUUA	NA	1
Mir-8_5p	UCAUUAC	NA	1
Mir-90_3p	NA	GAUAUGU	3
Mir-9142_3p	NA	AGUAACA	1
Mir-9143_5p	AGACAAA	NA	1
Mir-9159_5p	CCUCUUU	NA	1
Mir-927_3p	NA	AAAGCGU	2
Mir-927_5p	UUAGAAU	NA	16
Mir-927_5p	UUUAGAA	NA	2
Mir-929_3p	NA	UCCCUAA	1
Mir-929_5p	AAUUGAC	NA	11
Mir-929_5p	AUUGACU	NA	2
Mir-92_3p	NA	ACUGCAC	2
Mir-92_3p	NA	AUUGCAC	442
Mir-92_3p	NA	AUUGCUC	1
Mir-92_5p	AAGGCAA	NA	2
Mir-92_5p	AUUGCAC	NA	2
Mir-92_5p	GGACGGG	NA	1
Mir-92_5p	GGUCGAG	NA	1
Mir-92_5p	GGUUGGG	NA	1
Mir-92_5p	GUCCGUG	NA	1
Mir-932_3p	NA	GCAAGCA	1
Mir-932_5p	CAAUUCC	NA	12
Mir-934_3p	NA	AGUCUUC	1
Mir-934_5p	GUCUACU	NA	2
Mir-935_3p	NA	AGUUACC	12
Mir-9369_3p	NA	UACAUAU	1
Mir-9388_3p	NA	GUAGUAC	1
Mir-9391_5p	UCCAUGU	NA	1
Mir-9395_5p	UCUUGAU	NA	1
Mir-9397_3p	NA	CUCGGCU	1
Mir-9397_5p	GAUGUAU	NA	1
Mir-9398_3p	NA	UUAGAUU	1
Mir-9414_5p	ACUUGAU	NA	1
Mir-9421_3p	NA	UGCGUAU	1
Mir-9422_3p	NA	GACAGAA	1
Mir-9424_3p	NA	AAAGCUG	1
Mir-9424_3p	NA	AUAGUUG	1
Mir-9425_5p	AGAACAC	NA	2
Mir-9425_5p	CGAACAC	NA	1
Mir-9435_3p	NA	GCUAGAG	1
Mir-9442_5p	AUAUCAG	NA	2
Mir-944_3p	NA	AAUUAUU	4
Mir-9538_3p	NA	GAGAUCA	1
Mir-9540_3p	NA	UCAGUGC	1
Mir-955_5p	AUCGUGC	NA	5
Mir-956_3p	NA	UUCGAGA	6
Mir-9572_3p	NA	ACAGCCU	1
Mir-9573_3p	NA	CAAAACU	1
Mir-9574_5p	UUCAUCU	NA	1
Mir-9576_3p	NA	UUUUAUA	1
Mir-9578_5p	GGGACAC	NA	1
Mir-9579_3p	NA	UCUCUUU	1
Mir-957_3p	NA	GAAACCG	9
Mir-9580_5p	AUGGGGA	NA	1
Mir-9581_3p	NA	ACGCCGA	1
Mir-9583_3p	NA	AACUUGU	1
Mir-9583_5p	AGCAGUC	NA	1
Mir-9584_3p	NA	AGCCUCA	1
Mir-9584_5p	UGUGACU	NA	1
Mir-9585_5p	ACCGAUC	NA	1
Mir-9586_3p	NA	GGAGCUC	1
Mir-9586_5p	UGAUCCU	NA	1
Mir-9587_3p	NA	CAUGCGU	1
Mir-9587_5p	AGCAAAG	NA	1
Mir-9588_5p	CUCAGAU	NA	1
Mir-9589_3p	NA	CAGGUGG	1
Mir-9590_5p	GUGGUGC	NA	1
Mir-9592_3p	NA	UUUUGCC	1
Mir-9592_5p	ACCUUAU	NA	1
Mir-9593_3p	NA	GUCACUC	1
Mir-9593_5p	GGUGUAA	NA	1
Mir-9594_3p	NA	CUGUGCU	1
Mir-9594_5p	CAGUGUA	NA	1
Mir-9595_3p	NA	GUCCCGG	1
Mir-9595_5p	CUGCUAC	NA	1
Mir-9597_3p	NA	AAAUAUC	1
Mir-9598_3p	NA	AGUACUA	1
Mir-9599_3p	NA	UAAUCUA	1
Mir-9599_5p	CUUUGCA	NA	1
Mir-959_3p	NA	UGUCAUC	4
Mir-95_3p	NA	UCAACGG	10
Mir-95_3p	NA	UCAAUGG	1
Mir-9600_3p	NA	UGGCCAA	1
Mir-9600_5p	UUAGACA	NA	1
Mir-9602_5p	GGCAGCC	NA	1
Mir-9603_5p	GGGGCAC	NA	1
Mir-9605_3p	NA	GUUGUAC	1
Mir-9605_5p	GGAGUCA	NA	1
Mir-9606_3p	NA	CACUCUA	1
Mir-9606_5p	AAGGAUU	NA	1
Mir-9607_3p	NA	AAGAGCA	1
Mir-9607_5p	UCUGUUC	NA	1
Mir-960_3p	NA	AUACAGU	1
Mir-960_5p	GAGUAUU	NA	4
Mir-9613_3p	NA	CUGGCGU	1
Mir-9616_3p	NA	UGAGCUG	1
Mir-9619_3p	NA	UUUGCCU	2
Mir-9619_5p	AUUCCUU	NA	1
Mir-961_5p	UUGAUCA	NA	4
Mir-9621_5p	CCCGUUG	NA	1
Mir-9622_3p	NA	CCGUCGG	1
Mir-9623_3p	NA	UACCUUU	1
Mir-9625_5p	UGUCGGA	NA	1
Mir-9627_3p	NA	AGCGUGG	1
Mir-962_5p	UAAGGUA	NA	5
Mir-9631_3p	NA	GUGAGAG	1
Mir-9631_5p	AGCCAGG	NA	1
Mir-9633_5p	GAGGAUG	NA	1
Mir-9634_3p	NA	CCCCUGC	1
Mir-9634_5p	UUGUUCC	NA	1
Mir-9636_3p	NA	AAGUACC	1
Mir-9636_5p	GCAAAAC	NA	1
Mir-963_3p	NA	CAUCUGU	1
Mir-963_5p	CAAGGUA	NA	4
Mir-9640_3p	NA	CAGAUGG	1
Mir-9643_3p	NA	GCGGCCG	1
Mir-9644_5p	GGUGUGG	NA	1
Mir-9646_3p	NA	AGAACAC	1
Mir-9648_3p	NA	UGUAGAA	1
Mir-9648_5p	AUGCCAU	NA	1
Mir-964_5p	UAGAAUA	NA	5
Mir-9650_3p	NA	AUUUCCU	1
Mir-9650_5p	CAGUGCA	NA	1
Mir-965_3p	NA	AAGCGUA	11
Mir-965_5p	AGGGGAA	NA	1
Mir-965_5p	GGGAGAA	NA	2
Mir-965_5p	GGGGAAA	NA	1
Mir-965_5p	GGGUCAA	NA	1
Mir-966_5p	GUGGGAU	NA	1
Mir-966_5p	GUGGGCU	NA	1
Mir-966_5p	GUGGGUU	NA	1
Mir-967_5p	GAGAUAC	NA	2
Mir-967_5p	GAUGAUA	NA	1
Mir-9681_3p	NA	GAGGUAG	1
Mir-9681_5p	UUCGGAC	NA	1
Mir-9682_3p	NA	UCACUGG	1
Mir-9690_3p	NA	AUACGAA	1
Mir-9692_5p	UGUACAU	NA	1
Mir-9696_5p	GGCCCUU	NA	1
Mir-9698_5p	AACUCGA	NA	1
Mir-9699_3p	NA	GUUCCAU	1
Mir-969_3p	NA	ACUUGAC	5
Mir-969_5p	AGUUCCA	NA	4
Mir-96_3p	NA	AAAAUUG	1
Mir-96_3p	NA	AGAAUUC	8
Mir-96_3p	NA	GUGAUUC	1
Mir-96_5p	AUGGCAC	NA	107
Mir-96_5p	AUUUGGC	NA	1
Mir-96_5p	UUGGCAA	NA	49
Mir-96_5p	UUGGCAC	NA	148
Mir-96_5p	UUUGGCA	NA	12
Mir-9701_5p	AGUGAAC	NA	1
Mir-9703_5p	AUUGCAU	NA	1
Mir-9707_5p	GCCAAGU	NA	1
Mir-970_3p	NA	CAUAAGA	10
Mir-9717_3p	NA	UAAGCGG	1
Mir-971_3p	NA	UGGUGUU	11
Mir-971_5p	ACUCUAA	NA	2
Mir-971_5p	CACUCUA	NA	1
Mir-972_3p	NA	GUACAAU	2
Mir-973_3p	NA	CUGUUCA	2
Mir-973_5p	GGUUGGU	NA	2
Mir-974_3p	NA	AUAACUU	2
Mir-974_5p	AGCGAGC	NA	4
Mir-975_3p	NA	CAAGAUG	1
Mir-975_3p	NA	CGGAUGU	1
Mir-975_5p	AAACACU	NA	2
Mir-975_5p	UAAACAC	NA	1
Mir-976_3p	NA	GGAUUAG	1
Mir-976_3p	NA	UGGAUUA	3
Mir-976_5p	UUGGUGA	NA	1
Mir-977_3p	NA	GAGAUAU	5
Mir-977_5p	CGAUCAC	NA	1
Mir-978_3p	NA	GUCCAGU	3
Mir-978_3p	NA	UGUCCAG	1
Mir-982_3p	NA	ACAUGUU	1
Mir-982_3p	NA	CUACACG	1
Mir-982_3p	NA	UAUUGUU	1
Mir-982_5p	CCUGGAC	NA	1
Mir-983_3p	NA	UGAGUUC	1
Mir-983_5p	UAAUACG	NA	2
Mir-984_5p	GAGGUAA	NA	1
Mir-9851_3p	NA	GGCACCA	8
Mir-9851_3p	NA	GGCAUCA	1
Mir-9851_5p	GCCGGCA	NA	1
Mir-985_3p	NA	AAAUGUU	2
Mir-986_5p	CUCGAAU	NA	4
Mir-987_5p	AAAGUAA	NA	6
Mir-988_3p	NA	CCCUUGU	9
Mir-989_3p	NA	GUGAUGU	12
Mir-991_3p	NA	UAAAGCC	1
Mir-991_3p	NA	UAAAGUU	2
Mir-992_3p	NA	CCUUUUU	1
Mir-992_3p	NA	GUACACG	1
Mir-992_5p	AGUAUCA	NA	1
Mir-992_5p	GGUAUCA	NA	1
Mir-997_5p	CCAAACU	NA	1
Mir-999_3p	NA	GUUAACU	8
Mir-9_3p	NA	AAAGCUA	15
Mir-9_3p	NA	AAAGCUG	2
Mir-9_3p	NA	UAAAGCU	51
Mir-9_5p	CUUUGGU	NA	257
Mir-9_5p	UUUGGUA	NA	1
Novel-10_3p	NA	AACUCGA	2
Novel-10_3p	NA	AGUCAGC	1
Novel-10_3p	NA	CAUAGAU	1
Novel-10_3p	NA	CCAUGUG	1
Novel-10_3p	NA	CUCACGG	1
Novel-10_3p	NA	GAGACUG	1
Novel-10_3p	NA	GAGCCAU	1
Novel-10_3p	NA	GCAAGGG	1
Novel-10_3p	NA	GGUAUUU	1
Novel-10_5p	AACCAGG	NA	1
Novel-10_5p	AAUUGAU	NA	1
Novel-10_5p	ACUGAAA	NA	1
Novel-10_5p	CAGCAUU	NA	1
Novel-10_5p	CCAAAUA	NA	1
Novel-10_5p	CGUUGUA	NA	2
Novel-10_5p	GAGGUUU	NA	7
Novel-10_5p	GUGACAU	NA	1
Novel-10_5p	GUUGGAC	NA	1
Novel-10_5p	UGCGUAG	NA	1
Novel-10_5p	UUCGAGG	NA	1
Novel-11_3p	NA	AAAUGCG	1
Novel-11_3p	NA	AAGCAGU	1
Novel-11_3p	NA	AGUCUGC	1
Novel-11_3p	NA	GAAGAUC	1
Novel-11_3p	NA	GCCUAGG	1
Novel-11_3p	NA	GGAUCCU	1
Novel-11_3p	NA	GGCAGCA	1
Novel-11_3p	NA	UUUUUGG	1
Novel-11_5p	AGCAGUG	NA	1
Novel-11_5p	AGCUCUU	NA	1
Novel-11_5p	CUACCCA	NA	1
Novel-11_5p	GGUCAUG	NA	1
Novel-11_5p	UAGUCGU	NA	1
Novel-11_5p	UUGCAGC	NA	1
Novel-12_3p	NA	ACAUGCA	1
Novel-12_3p	NA	AGAAGUG	1
Novel-12_3p	NA	AUUGAAA	1
Novel-12_3p	NA	AUUUGUU	2
Novel-12_3p	NA	CACCCUA	1
Novel-12_3p	NA	GCGCCUG	1
Novel-12_3p	NA	UACGAAC	1
Novel-12_3p	NA	UAGAUGA	1
Novel-12_3p	NA	UUCAUUA	1
Novel-12_5p	AAAGCUG	NA	2
Novel-12_5p	ACUGGAG	NA	1
Novel-12_5p	AGCGACU	NA	1
Novel-12_5p	GAAGUAA	NA	1
Novel-12_5p	GGGAACA	NA	1
Novel-12_5p	UCCCCUA	NA	1
Novel-12_5p	UUAUAAU	NA	1
Novel-13_3p	NA	ACGGGAG	1
Novel-13_3p	NA	AGAUCAA	1
Novel-13_3p	NA	AUGUUAA	1
Novel-13_3p	NA	CCAAAUG	1
Novel-13_3p	NA	CCUAAGC	1
Novel-13_3p	NA	GUCAAUU	1
Novel-13_5p	AUGAAAC	NA	1
Novel-13_5p	GAGGAAC	NA	1
Novel-13_5p	GCCCUAU	NA	1
Novel-13_5p	UUCUCAU	NA	1
Novel-14_3p	NA	GACUCCA	1
Novel-14_3p	NA	UACUAAG	1
Novel-14_3p	NA	UCGGACC	1
Novel-14_3p	NA	UGAAUUU	1
Novel-14_3p	NA	UUAAAUA	1
Novel-14_5p	ACAGAGA	NA	1
Novel-14_5p	AUCUCGA	NA	1
Novel-14_5p	AUGUUGA	NA	1
Novel-14_5p	CUGCUGC	NA	1
Novel-14_5p	GUGGUGA	NA	1
Novel-15_3p	NA	AAGCCUU	1
Novel-15_3p	NA	AGUACAC	1
Novel-15_3p	NA	AUUCUUC	1
Novel-15_3p	NA	CCAGCAG	1
Novel-15_3p	NA	GAACGUU	1
Novel-15_3p	NA	GACAUAG	1
Novel-15_3p	NA	UCCACAU	1
Novel-15_5p	UUGUAAA	NA	1
Novel-16_3p	NA	ACGUUGG	1
Novel-16_3p	NA	GCGAACA	1
Novel-16_3p	NA	GUCAGGG	1
Novel-16_3p	NA	UGAGCCC	1
Novel-16_5p	CGGAGAG	NA	1
Novel-16_5p	CUGCGAC	NA	1
Novel-17_3p	NA	AAGCCUA	1
Novel-17_3p	NA	GAGUGAC	1
Novel-17_3p	NA	GUCGCGG	1
Novel-17_5p	AUAUAAA	NA	1
Novel-17_5p	AUUUUGG	NA	1
Novel-18_3p	NA	ACAUUCU	1
Novel-18_5p	AAGGCUC	NA	1
Novel-18_5p	ACUUUGA	NA	1
Novel-18_5p	UUUUGAA	NA	1
Novel-19_3p	NA	UAAUAUC	1
Novel-19_5p	ACGAAUA	NA	1
Novel-19_5p	CGUAACC	NA	1
Novel-19_5p	UCCCUAA	NA	1
Novel-1_3p	NA	ACUAAUA	1
Novel-1_3p	NA	ACUCAAC	1
Novel-1_3p	NA	AGACAUC	1
Novel-1_3p	NA	AGGCAGC	1
Novel-1_3p	NA	AGGCCAU	1
Novel-1_3p	NA	AGUACGA	1
Novel-1_3p	NA	AUAUCUG	2
Novel-1_3p	NA	AUGAUUG	1
Novel-1_3p	NA	AUUGAAC	1
Novel-1_3p	NA	AUUUUCU	1
Novel-1_3p	NA	CAAACAU	1
Novel-1_3p	NA	CAACGAA	1
Novel-1_3p	NA	CACAGCC	1
Novel-1_3p	NA	CAGUCCC	1
Novel-1_3p	NA	CCAUAGA	1
Novel-1_3p	NA	CGGAUUG	1
Novel-1_3p	NA	CGGGCUU	1
Novel-1_3p	NA	CUCGAUC	1
Novel-1_3p	NA	CUCGCAG	1
Novel-1_3p	NA	CUGCCUC	1
Novel-1_3p	NA	CUGUUCG	1
Novel-1_3p	NA	GAUGACA	1
Novel-1_3p	NA	GAUGGAA	1
Novel-1_3p	NA	GCUACAC	1
Novel-1_3p	NA	GCUACAU	1
Novel-1_3p	NA	GGACCUG	1
Novel-1_3p	NA	GGGCAGA	1
Novel-1_3p	NA	GUGGUCA	1
Novel-1_3p	NA	UACAUAU	1
Novel-1_3p	NA	UACUUGU	1
Novel-1_3p	NA	UAGGGCA	1
Novel-1_3p	NA	UAGGUUU	1
Novel-1_3p	NA	UCACAUU	1
Novel-1_3p	NA	UCCGUCU	1
Novel-1_3p	NA	UCCUGAA	1
Novel-1_3p	NA	UCUGAGA	1
Novel-1_3p	NA	UGACCAU	1
Novel-1_3p	NA	UUAAGGU	1
Novel-1_3p	NA	UUACAAA	1
Novel-1_3p	NA	UUCGCCU	1
Novel-1_3p	NA	UUCGUGC	1
Novel-1_3p	NA	UUGAAGU	1
Novel-1_3p	NA	UUUUUAC	1
Novel-1_5p	AAAAGCG	NA	1
Novel-1_5p	AACGAAU	NA	1
Novel-1_5p	AAGAUGG	NA	1
Novel-1_5p	AAGGAAU	NA	6
Novel-1_5p	AAGUAGU	NA	1
Novel-1_5p	AAUUGUG	NA	1
Novel-1_5p	ACCCCAA	NA	1
Novel-1_5p	ACGUGGU	NA	1
Novel-1_5p	AGAAAAU	NA	1
Novel-1_5p	AGCCCUU	NA	1
Novel-1_5p	AGCUGGC	NA	1
Novel-1_5p	AUCUUGA	NA	1
Novel-1_5p	CCAGGGC	NA	1
Novel-1_5p	CCUCUAC	NA	1
Novel-1_5p	CCUGCAA	NA	1
Novel-1_5p	CCUGUUU	NA	1
Novel-1_5p	CUGCACG	NA	1
Novel-1_5p	CUUCGAC	NA	1
Novel-1_5p	CUUGAUC	NA	1
Novel-1_5p	CUUUUGU	NA	1
Novel-1_5p	GAGGUAG	NA	1
Novel-1_5p	GGAGUCA	NA	1
Novel-1_5p	GGCGAGC	NA	1
Novel-1_5p	GUGACCG	NA	1
Novel-1_5p	GUGAUGU	NA	2
Novel-1_5p	UAAGCUG	NA	1
Novel-1_5p	UACCAAA	NA	1
Novel-1_5p	UAGCUAU	NA	1
Novel-1_5p	UCACAGA	NA	1
Novel-1_5p	UGUGUCU	NA	1
Novel-1_5p	UUAAUAU	NA	1
Novel-1_5p	UUCAGAA	NA	1
Novel-1_5p	UUCAUCU	NA	1
Novel-1_5p	UUCAUUC	NA	2
Novel-1_5p	UUGACAA	NA	1
Novel-1_5p	UUGGCAC	NA	1
Novel-1_5p	UUUAUGA	NA	2
Novel-1_5p	UUUCCAG	NA	1
Novel-20_3p	NA	AAGCGCU	1
Novel-20_3p	NA	AUCUUGA	1
Novel-20_3p	NA	CACUGGA	1
Novel-20_5p	UGUGGUG	NA	1
Novel-21_3p	NA	GUUGUCU	1
Novel-21_5p	CGGACGA	NA	1
Novel-22_3p	NA	AUAUGUU	1
Novel-22_3p	NA	UCUGUCU	1
Novel-22_5p	AGAGAAA	NA	1
Novel-22_5p	CGCGUUG	NA	1
Novel-23_3p	NA	AUAGGCG	1
Novel-23_3p	NA	UAGAUGG	1
Novel-23_5p	AGCAACU	NA	1
Novel-24_3p	NA	AUCAGUC	1
Novel-2_3p	NA	AAAAUUG	1
Novel-2_3p	NA	AAACUUA	1
Novel-2_3p	NA	AAAUGAA	1
Novel-2_3p	NA	AAAUGCA	1
Novel-2_3p	NA	AAAUUUC	1
Novel-2_3p	NA	AAUGCCC	1
Novel-2_3p	NA	AGCACCG	1
Novel-2_3p	NA	CAAUUCA	2
Novel-2_3p	NA	CAGCUGG	1
Novel-2_3p	NA	CCAAUAA	1
Novel-2_3p	NA	CCACUCA	2
Novel-2_3p	NA	CGAUCAC	2
Novel-2_3p	NA	CGGAACC	1
Novel-2_3p	NA	CGGGACA	1
Novel-2_3p	NA	CUAGCAU	1
Novel-2_3p	NA	CUCCAUU	1
Novel-2_3p	NA	CUGGUGG	1
Novel-2_3p	NA	GAAAUGC	1
Novel-2_3p	NA	GAAUUUC	1
Novel-2_3p	NA	GAGCUCA	1
Novel-2_3p	NA	GGACUAU	1
Novel-2_3p	NA	GGGAGAU	1
Novel-2_3p	NA	GUAACGC	1
Novel-2_3p	NA	GUGACGA	1
Novel-2_3p	NA	UACCAUA	1
Novel-2_3p	NA	UAUGGGA	1
Novel-2_3p	NA	UCAAGUG	1
Novel-2_3p	NA	UCACAAC	1
Novel-2_3p	NA	UCGGACU	2
Novel-2_3p	NA	UCUGCCC	1
Novel-2_3p	NA	UGGUCAG	1
Novel-2_3p	NA	UUCCCAA	5
Novel-2_3p	NA	UUCGGAC	2
Novel-2_3p	NA	UUCUUUG	1
Novel-2_3p	NA	UUGGACU	1
Novel-2_5p	AAAACAC	NA	1
Novel-2_5p	AAUGCAA	NA	1
Novel-2_5p	ACAGAGA	NA	1
Novel-2_5p	ACUCCCG	NA	1
Novel-2_5p	AUAUGAU	NA	2
Novel-2_5p	AUGCGUU	NA	1
Novel-2_5p	AUUGUGU	NA	1
Novel-2_5p	CAAAACC	NA	1
Novel-2_5p	CACCGGU	NA	2
Novel-2_5p	CAGAGAU	NA	1
Novel-2_5p	CCAACCU	NA	2
Novel-2_5p	CGUGGAG	NA	1
Novel-2_5p	CUCGAAC	NA	2
Novel-2_5p	GAGGCAA	NA	1
Novel-2_5p	GAUCCUU	NA	1
Novel-2_5p	GAUUAUA	NA	1
Novel-2_5p	GCACUGC	NA	1
Novel-2_5p	GCCGUCU	NA	1
Novel-2_5p	GUAUUAC	NA	1
Novel-2_5p	GUGCCCA	NA	2
Novel-2_5p	GUGGAGA	NA	1
Novel-2_5p	UAGAACC	NA	3
Novel-2_5p	UAUGUGU	NA	1
Novel-2_5p	UCCCUCC	NA	1
Novel-2_5p	UUGCUCA	NA	1
Novel-2_5p	UUUGAUC	NA	1
Novel-3_3p	NA	AAAUUCA	1
Novel-3_3p	NA	AAUACCC	1
Novel-3_3p	NA	ACCAGAG	2
Novel-3_3p	NA	ACUGCAA	1
Novel-3_3p	NA	AGCUGUU	1
Novel-3_3p	NA	AGGAUUG	1
Novel-3_3p	NA	AUACGAC	1
Novel-3_3p	NA	AUAUGAG	2
Novel-3_3p	NA	AUGAGAA	1
Novel-3_3p	NA	AUGCUUU	1
Novel-3_3p	NA	AUGUAUU	1
Novel-3_3p	NA	AUGUGAC	1
Novel-3_3p	NA	AUUUACA	1
Novel-3_3p	NA	CAAUAUC	1
Novel-3_3p	NA	CAAUGCA	1
Novel-3_3p	NA	CACCGGU	1
Novel-3_3p	NA	CUGAUCA	1
Novel-3_3p	NA	CUGGACC	1
Novel-3_3p	NA	CUGGCAG	1
Novel-3_3p	NA	GACCACG	1
Novel-3_3p	NA	GCAGAGA	1
Novel-3_3p	NA	GCGGAGA	1
Novel-3_3p	NA	GGACACA	1
Novel-3_3p	NA	UCGAGCA	1
Novel-3_3p	NA	UGAGAUA	1
Novel-3_3p	NA	UUGCCUA	1
Novel-3_5p	AAAGAUU	NA	1
Novel-3_5p	ACAUAAU	NA	1
Novel-3_5p	ACUGUCU	NA	1
Novel-3_5p	AGGAAAG	NA	1
Novel-3_5p	AGUCUGC	NA	1
Novel-3_5p	AUAAAAU	NA	1
Novel-3_5p	AUCAAGC	NA	1
Novel-3_5p	AUCUGAC	NA	2
Novel-3_5p	CAUACAA	NA	1
Novel-3_5p	CAUCUCC	NA	1
Novel-3_5p	CGUGUAA	NA	1
Novel-3_5p	CUCGGAA	NA	1
Novel-3_5p	CUUUCUC	NA	1
Novel-3_5p	GAACAGU	NA	1
Novel-3_5p	GAUCUUC	NA	1
Novel-3_5p	GGCUCAG	NA	1
Novel-3_5p	GGGAUCU	NA	1
Novel-3_5p	GGGGUAC	NA	1
Novel-3_5p	GGUCAGU	NA	1
Novel-3_5p	GGUCCUC	NA	1
Novel-3_5p	GUCCGGC	NA	1
Novel-3_5p	GUGAUAG	NA	1
Novel-3_5p	UGGCAAA	NA	1
Novel-3_5p	UGUAUCA	NA	1
Novel-3_5p	UUCGUGA	NA	1
Novel-3_5p	UUGGUUC	NA	1
Novel-3_5p	UUUGUCU	NA	1
Novel-4_3p	NA	AAAAUUU	1
Novel-4_3p	NA	AACCUUG	1
Novel-4_3p	NA	AAUGCCC	1
Novel-4_3p	NA	ACGAAUC	1
Novel-4_3p	NA	CCUUCCU	1
Novel-4_3p	NA	CUACCUG	1
Novel-4_3p	NA	CUCUCCA	1
Novel-4_3p	NA	CUUCAGU	1
Novel-4_3p	NA	GAAUGUC	1
Novel-4_3p	NA	GACACAG	1
Novel-4_3p	NA	GAUACGU	1
Novel-4_3p	NA	GCACCAA	1
Novel-4_3p	NA	GCUGUGG	1
Novel-4_3p	NA	GGAAUCG	1
Novel-4_3p	NA	GGAUGAU	3
Novel-4_3p	NA	UCCUCUU	1
Novel-4_3p	NA	UCGUUCU	1
Novel-4_3p	NA	UGAGCAU	1
Novel-4_3p	NA	UGCUGGA	1
Novel-4_3p	NA	UGGACAC	1
Novel-4_3p	NA	UGGCGUU	1
Novel-4_3p	NA	UUGACAC	1
Novel-4_5p	AACACAG	NA	1
Novel-4_5p	ACAGUCU	NA	1
Novel-4_5p	AGAGUUU	NA	1
Novel-4_5p	AGGAAAG	NA	1
Novel-4_5p	AGGAGAA	NA	1
Novel-4_5p	CAGGAAA	NA	1
Novel-4_5p	CAGGAAU	NA	1
Novel-4_5p	CAUGUUG	NA	3
Novel-4_5p	CAUUCCC	NA	1
Novel-4_5p	CCACUGU	NA	1
Novel-4_5p	CGGCGAA	NA	1
Novel-4_5p	CGUGUGA	NA	1
Novel-4_5p	CUUCCCA	NA	1
Novel-4_5p	GAAAAUG	NA	1
Novel-4_5p	GAGGAGG	NA	1
Novel-4_5p	GAGGUAU	NA	1
Novel-4_5p	GAGUAUU	NA	1
Novel-4_5p	GCGGCCA	NA	1
Novel-4_5p	GGCUAAG	NA	1
Novel-4_5p	GGGUGUC	NA	1
Novel-4_5p	GUAGGGU	NA	1
Novel-4_5p	GUUGAGA	NA	3
Novel-4_5p	UGACAAU	NA	1
Novel-4_5p	UGAUGAU	NA	1
Novel-4_5p	UUGCCAG	NA	2
Novel-5_3p	NA	AACUAGG	1
Novel-5_3p	NA	AAGCACC	1
Novel-5_3p	NA	AAGUAGG	1
Novel-5_3p	NA	ACCGGGA	1
Novel-5_3p	NA	CACUAAG	2
Novel-5_3p	NA	CAUAACA	1
Novel-5_3p	NA	GCCACCG	1
Novel-5_3p	NA	GCCGCAU	1
Novel-5_3p	NA	GCGGUAG	1
Novel-5_3p	NA	UAGGCCA	1
Novel-5_3p	NA	UCAGUCU	1
Novel-5_3p	NA	UCGUCUA	2
Novel-5_3p	NA	UCUGUUG	1
Novel-5_3p	NA	UGGGUGA	1
Novel-5_3p	NA	UGUGGUA	1
Novel-5_3p	NA	UUAGCUC	1
Novel-5_3p	NA	UUGCCUU	6
Novel-5_3p	NA	UUUUGAG	1
Novel-5_5p	AAAAGGU	NA	1
Novel-5_5p	AAAGUUA	NA	1
Novel-5_5p	AAGUUCU	NA	1
Novel-5_5p	AGAGUCC	NA	1
Novel-5_5p	AGGACAU	NA	1
Novel-5_5p	AGGGAAC	NA	1
Novel-5_5p	CAUGUCA	NA	1
Novel-5_5p	CCAGACG	NA	1
Novel-5_5p	CCGCGAU	NA	1
Novel-5_5p	CGAGUGA	NA	1
Novel-5_5p	CUGACAU	NA	1
Novel-5_5p	CUGGCAG	NA	1
Novel-5_5p	GAAAGUC	NA	1
Novel-5_5p	GCGAGCC	NA	1
Novel-5_5p	GCGAGCU	NA	4
Novel-5_5p	GCUAUAA	NA	1
Novel-5_5p	GGACUUC	NA	1
Novel-5_5p	GGAGCCG	NA	1
Novel-5_5p	GUAGAAG	NA	1
Novel-5_5p	UACUAUU	NA	4
Novel-5_5p	UUGAAAG	NA	1
Novel-5_5p	UUGGACU	NA	1
Novel-5_5p	UUGGGGG	NA	1
Novel-5_5p	UUUAAUG	NA	1
Novel-6_3p	NA	AAGUCUC	1
Novel-6_3p	NA	ACAAGGG	1
Novel-6_3p	NA	AGUAAAG	1
Novel-6_3p	NA	AGUCGAG	1
Novel-6_3p	NA	CACUGCU	1
Novel-6_3p	NA	CAGAGCG	1
Novel-6_3p	NA	CCUGGAU	1
Novel-6_3p	NA	CUGAGAG	1
Novel-6_3p	NA	CUGCGUU	2
Novel-6_3p	NA	GACUCUU	1
Novel-6_3p	NA	GAGGGGC	1
Novel-6_3p	NA	GCUGAAA	1
Novel-6_3p	NA	GGAGCAG	1
Novel-6_3p	NA	GUUUCAU	1
Novel-6_3p	NA	UACCACG	1
Novel-6_3p	NA	UAGAUCC	1
Novel-6_3p	NA	UCAGCUC	1
Novel-6_3p	NA	UCAGUCU	2
Novel-6_3p	NA	UGAAAUG	2
Novel-6_5p	AAGACAU	NA	2
Novel-6_5p	AGAGGUA	NA	1
Novel-6_5p	AGAUUAA	NA	1
Novel-6_5p	AUGUGAC	NA	1
Novel-6_5p	CACUGUA	NA	2
Novel-6_5p	CGCGAAC	NA	1
Novel-6_5p	CGGUCUC	NA	1
Novel-6_5p	CUAUAAA	NA	1
Novel-6_5p	CUCCUGA	NA	1
Novel-6_5p	GCAGCCA	NA	1
Novel-6_5p	GGGCCAC	NA	1
Novel-6_5p	GUCUCCU	NA	1
Novel-6_5p	GUCUGAC	NA	1
Novel-6_5p	GUGGCAU	NA	1
Novel-6_5p	GUGGUGC	NA	1
Novel-6_5p	UGAGUGU	NA	1
Novel-7_3p	NA	AAAAGAG	1
Novel-7_3p	NA	AAAGUGA	1
Novel-7_3p	NA	ACAUGUA	1
Novel-7_3p	NA	ACGCCUA	1
Novel-7_3p	NA	ACUGAAC	1
Novel-7_3p	NA	ACUGAUA	1
Novel-7_3p	NA	AGACCUA	1
Novel-7_3p	NA	AGAUCUC	1
Novel-7_3p	NA	AUGGUGC	1
Novel-7_3p	NA	CAAACGA	1
Novel-7_3p	NA	CAAAUGC	1
Novel-7_3p	NA	CUGACCC	1
Novel-7_3p	NA	GGGGCUG	1
Novel-7_3p	NA	UAAAAAC	1
Novel-7_3p	NA	UAUUAAG	1
Novel-7_3p	NA	UCAUUUU	1
Novel-7_3p	NA	UCUGGUG	1
Novel-7_3p	NA	UGAGCCC	1
Novel-7_3p	NA	UGCGUUG	1
Novel-7_3p	NA	UGGUAUC	1
Novel-7_3p	NA	UUGAACG	1
Novel-7_3p	NA	UUUUGCU	1
Novel-7_5p	AAAAUGU	NA	1
Novel-7_5p	AUGGACA	NA	1
Novel-7_5p	CACCACU	NA	1
Novel-7_5p	CACCUUG	NA	1
Novel-7_5p	CAGGUUC	NA	2
Novel-7_5p	CUGCAUG	NA	1
Novel-7_5p	GAGAGGU	NA	1
Novel-7_5p	GCAAGGG	NA	1
Novel-7_5p	GCACACC	NA	1
Novel-7_5p	GGGCGAU	NA	1
Novel-7_5p	GGUGAUA	NA	1
Novel-7_5p	GGUUAAG	NA	1
Novel-7_5p	UCAGAGC	NA	1
Novel-7_5p	UCAGUUC	NA	1
Novel-7_5p	UCGCGGC	NA	1
Novel-8_3p	NA	AAGGCAU	1
Novel-8_3p	NA	ACAAAAU	1
Novel-8_3p	NA	AGGCUUA	1
Novel-8_3p	NA	AUCUUGA	1
Novel-8_3p	NA	CCGCGAG	1
Novel-8_3p	NA	GACUAGA	1
Novel-8_3p	NA	GAGAACU	1
Novel-8_3p	NA	GGUACUG	1
Novel-8_3p	NA	GUCCUAG	1
Novel-8_3p	NA	UAUGCUU	1
Novel-8_5p	AAAUAAU	NA	1
Novel-8_5p	AGGCGCU	NA	1
Novel-8_5p	AUUCUUG	NA	1
Novel-8_5p	CGCGCUU	NA	1
Novel-8_5p	CGUAUUC	NA	1
Novel-8_5p	CUGCCAA	NA	1
Novel-8_5p	CUGGAGG	NA	1
Novel-8_5p	GAACACA	NA	1
Novel-8_5p	GUGCAGA	NA	1
Novel-8_5p	UCAAAUC	NA	1
Novel-8_5p	UCACAAC	NA	2
Novel-8_5p	UCAGUCU	NA	1
Novel-8_5p	UCCAGAU	NA	1
Novel-8_5p	UGACAGU	NA	1
Novel-9_3p	NA	AAAUUUG	1
Novel-9_3p	NA	AGAAUUC	1
Novel-9_3p	NA	AGGAUAG	1
Novel-9_3p	NA	AUACAUC	1
Novel-9_3p	NA	AUGGGUC	1
Novel-9_3p	NA	AUUCAAG	1
Novel-9_3p	NA	CGAUUCU	1
Novel-9_3p	NA	CUGCAGA	1
Novel-9_3p	NA	GAGCAUU	1
Novel-9_3p	NA	GGCUCAG	1
Novel-9_3p	NA	UUCUCGU	1
Novel-9_3p	NA	UUUCCCC	1
Novel-9_5p	AACUUUG	NA	1
Novel-9_5p	AAUGCAU	NA	1
Novel-9_5p	ACGAUAA	NA	1
Novel-9_5p	AUCAGAA	NA	2
Novel-9_5p	AUCUUAU	NA	1
Novel-9_5p	AUGAGAA	NA	1
Novel-9_5p	GUAUUCU	NA	1
Novel-9_5p	UAUUUUA	NA	1
