Bantam_3p	NA	AAAGACC
Bantam_3p	NA	GAGATCA
Bantam_3p	NA	GAGATCG
Bantam_3p	NA	GAGATGA
Iab-4_5p	CGTATAC	NA
Let-7_3p	NA	CAGATTT
Let-7_5p	GAAGTAG	NA
Let-7_5p	GAGGTAG	NA
Let-7_5p	TGAGGTA	NA
Lsy-6_3p	NA	TTTGTAT
Mir-1000_5p	TATTGTC	NA
Mir-1001_5p	GGGTAAA	NA
Mir-1003_3p	NA	CTCACAT
Mir-1003_5p	TGAGTAA	NA
Mir-1006_3p	NA	AAATTCG
Mir-1007_3p	NA	AAGCTCA
Mir-1010_3p	NA	TTCACCT
Mir-10182_3p	NA	CGGCCCG
Mir-101_3p	NA	ACAGTAC
Mir-103_3p	NA	AGCAGCA
Mir-103_3p	NA	GCAGCAT
Mir-103_5p	GCCATTG	NA
Mir-10485_5p	CAGTCTA	NA
Mir-10585_5p	GATGAAA	NA
Mir-105_5p	CAAATGC	NA
Mir-105_5p	CAAGTGC	NA
Mir-10651_3p	NA	GAGCAGG
Mir-10_3p	NA	AAATTCG
Mir-10_3p	NA	AAGCTCG
Mir-10_3p	NA	CAAGCTC
Mir-10_3p	NA	CAGGGTT
Mir-10_3p	NA	CAGGTTA
Mir-10_3p	NA	GAAGCTC
Mir-10_3p	NA	TCTCGTT
Mir-10_5p	ACACTGT	NA
Mir-10_5p	ACCCGTA	NA
Mir-10_5p	ACCCTGT	NA
Mir-10_5p	ACCTGAG	NA
Mir-10_5p	CCCGTAG	NA
Mir-10_5p	CCCTGAG	NA
Mir-10_5p	CCCTGTA	NA
Mir-10_5p	NA	CCCTGAG
Mir-10_5p	TACCCTG	NA
Mir-10_5p	TTACCCT	NA
Mir-11183_5p	CCCAGGT	NA
Mir-11187_5p	CGTCATA	NA
Mir-11217_3p	NA	TGGCCTG
Mir-11223_5p	ATAGTCT	NA
Mir-11228_3p	NA	CAGGTGT
Mir-11230_5p	AAACCGC	NA
Mir-11236_5p	CTCCCAT	NA
Mir-11272_3p	NA	ACACTTG
Mir-11275_3p	NA	TGTTGGG
Mir-11275_5p	CAGCCCC	NA
Mir-11278_5p	GGGAGAA	NA
Mir-11617_3p	NA	AGTACTT
Mir-11617_3p	NA	TGTACTT
Mir-11617_5p	GTTGGCA	NA
Mir-11617_5p	GTTGTCA	NA
Mir-11617_5p	TTGGCAT	NA
Mir-11618_3p	NA	AGTACAG
Mir-11618_3p	NA	ATACCGA
Mir-11618_3p	NA	TGATCGG
Mir-11618_5p	GTTAGCA	NA
Mir-11619_3p	NA	GAAGAGT
Mir-11619_3p	NA	GAAGCGT
Mir-11619_3p	NA	GAGGAGT
Mir-11619_3p	NA	TGAGGAG
Mir-11619_5p	GAGAGTT	NA
Mir-11621_3p	NA	AACGATT
Mir-11621_5p	TAAAGCG	NA
Mir-11622_5p	AAAGGAA	NA
Mir-11624_3p	NA	GATATGC
Mir-11624_5p	TTGAGAC	NA
Mir-11624_5p	TTGGGAC	NA
Mir-11626_3p	NA	GAGTTGA
Mir-11626_5p	GGCATGA	NA
Mir-11630_3p	NA	TCAAATT
Mir-11634_5p	TTGGGAG	NA
Mir-11635_3p	NA	CTTTGGA
Mir-11636_3p	NA	TTTAGGA
Mir-11636_5p	GAGGTCT	NA
Mir-1175_3p	NA	GAGATTC
Mir-1175_5p	AGTGGAG	NA
Mir-1175_5p	GTAGAAT	NA
Mir-1175_5p	GTGGAGA	NA
Mir-1180_3p	NA	TTCCGGC
Mir-11893_3p	NA	TCCTGAC
Mir-11895_3p	NA	TCATGCA
Mir-11895_5p	GCAGGAG	NA
Mir-11899_5p	ATGTATG	NA
Mir-11900_3p	NA	TTTTTTT
Mir-11911_5p	GTTGATC	NA
Mir-11935_3p	NA	CTCCAGA
Mir-11937_5p	GAAGACC	NA
Mir-11968_3p	NA	AACTGAG
Mir-11968_5p	TTTCCAA	NA
Mir-11989_5p	CCCAGGG	NA
Mir-1198_5p	ATGTGTT	NA
Mir-11995_3p	NA	TAGCAGA
Mir-12072_5p	GGGCTGC	NA
Mir-12073_5p	TCAGAGT	NA
Mir-12074_3p	NA	CAGAAGT
Mir-12074_5p	CTGAAAT	NA
Mir-12076_5p	CTGGCCC	NA
Mir-12078_5p	GGTGGAA	NA
Mir-12079_3p	NA	CATGGGA
Mir-12080_3p	NA	AACGTCC
Mir-12080_5p	CGCTCTT	NA
Mir-12081_3p	NA	GAGCTAA
Mir-12082_5p	AGCCAAC	NA
Mir-12083_3p	NA	TCCATCT
Mir-12084_3p	NA	CGCGGCT
Mir-12084_5p	GCCTGGG	NA
Mir-12085_3p	NA	TTGTTTG
Mir-12086_5p	TTTCGGC	NA
Mir-12087_3p	NA	TATCTGT
Mir-12090_3p	NA	CTCACGG
Mir-12091_5p	GACAGTC	NA
Mir-12092_3p	NA	CTAGCCG
Mir-12093_3p	NA	CAGCCCC
Mir-12094_3p	NA	GACTGTT
Mir-12095_5p	GGCCAAG	NA
Mir-12223_5p	AGTTCAG	NA
Mir-12246_5p	TGGGTGG	NA
Mir-12265_5p	TGGCTGT	NA
Mir-12277_3p	NA	TTGGGTG
Mir-12298_3p	NA	CATTCCC
Mir-122_5p	GGAGTGT	NA
Mir-12316_3p	NA	TGAAAGG
Mir-12325_3p	NA	AAGCATT
Mir-12337_5p	GTTGTGA	NA
Mir-12355_5p	CGGAGGT	NA
Mir-12358_5p	ACCGATG	NA
Mir-12366_3p	NA	TCAAAGG
Mir-12380_5p	TCCCTCC	NA
Mir-12404_5p	GGTGAAG	NA
Mir-1247_3p	NA	GGGAACG
Mir-1247_5p	CCCGTCC	NA
Mir-1249_3p	NA	ACGCCCT
Mir-1249_3p	NA	CGCCCTT
Mir-124_3p	NA	AAGGCAC
Mir-124_5p	GTATTCA	NA
Mir-124_5p	GTGTTCA	NA
Mir-124_5p	TGTTCAC	NA
Mir-1251_5p	CTCTAGC	NA
Mir-1252_5p	GAAGGAA	NA
Mir-1266_5p	CTCAGGG	NA
Mir-1269_3p	NA	TGGACTG
Mir-126_3p	NA	CGTACCG
Mir-126_5p	ATTATTA	NA
Mir-1270_5p	TGGAGAT	NA
Mir-1271_3p	NA	GTGCCTG
Mir-1271_5p	TTAGCAC	NA
Mir-1271_5p	TTGGCAC	NA
Mir-1276_5p	AAAGAGC	NA
Mir-1277_3p	NA	ACGTAGA
Mir-1277_5p	ATATATA	NA
Mir-1278_3p	NA	AGTACTG
Mir-127_3p	NA	CGGATCC
Mir-1286_3p	NA	GCAGGAC
Mir-1287_5p	GCTGGAT	NA
Mir-128_3p	NA	CACAGTG
Mir-1294_5p	GTGAGGT	NA
Mir-1295_3p	NA	TAGGCCG
Mir-1296_5p	TAGGGCC	NA
Mir-1298_5p	TCATTCA	NA
Mir-1298_5p	TCATTCG	NA
Mir-129_3p	NA	AGCCCTT
Mir-129_5p	CCTTCTG	NA
Mir-129_5p	CTTTTTG	NA
Mir-129_5p	TTTTTGC	NA
Mir-12_5p	GAGTATT	NA
Mir-1301_3p	NA	TGCAGCT
Mir-1306_3p	NA	ACGTTGG
Mir-1306_5p	CACCTCC	NA
Mir-1307_5p	CGACCGG	NA
Mir-130_3p	NA	AATGCAA
Mir-130_3p	NA	AGTGCAA
Mir-130_3p	NA	AGTGCCA
Mir-130_5p	CCCCTTT	NA
Mir-130_5p	CTATGAC	NA
Mir-130_5p	CTCTGAC	NA
Mir-130_5p	CTCTTTC	NA
Mir-130_5p	CTCTTTT	NA
Mir-130_5p	CTGACGA	NA
Mir-130_5p	CTTTGAC	NA
Mir-1323_5p	CAAAACT	NA
Mir-1327_5p	AAAAGGC	NA
Mir-1329_5p	ACAGTGA	NA
Mir-132_3p	NA	AACAGTC
Mir-132_3p	NA	CAGTCTT
Mir-132_5p	CCATGGC	NA
Mir-132_5p	CCGTGGC	NA
Mir-132_5p	CCTTGGC	NA
Mir-1332_3p	NA	ATTGGTT
Mir-1338_5p	AGGGAGC	NA
Mir-1339_5p	GATGCAA	NA
Mir-133_3p	NA	TGGCCCA
Mir-133_3p	NA	TGGTCCC
Mir-133_3p	NA	TTGGTCC
Mir-133_5p	CTGGTTG	NA
Mir-133_5p	GCTGGCT	NA
Mir-1340_3p	NA	GCTGTCC
Mir-1343_3p	NA	TCCTAGG
Mir-1343_3p	NA	TCCTGGG
Mir-134_3p	NA	GTGGGCC
Mir-134_5p	GTGACTG	NA
Mir-134_5p	GTGTGAC	NA
Mir-134_5p	TGTGACT	NA
Mir-1350_3p	NA	GTCAACT
Mir-1355_5p	GTTCCAG	NA
Mir-135_3p	NA	TGTAGGA
Mir-135_3p	NA	TGTAGGG
Mir-135_5p	ATGGCTT	NA
Mir-1360_5p	AGGCAGT	NA
Mir-1361_3p	NA	GACCTAG
Mir-1362_5p	ACCCCGC	NA
Mir-1363_5p	AGGGCCC	NA
Mir-1365_5p	ACTGGGC	NA
Mir-136_3p	NA	ATCATCG
Mir-136_5p	CTCCATT	NA
Mir-1374_5p	GTTTCCT	NA
Mir-1375_5p	GCTTCCT	NA
Mir-1376_3p	NA	AGAAAGT
Mir-1379_3p	NA	ACGGGCT
Mir-137_3p	NA	ATTGCTT
Mir-137_3p	NA	TATTGCT
Mir-137_5p	CGGGTAT	NA
Mir-1380_3p	NA	TTTAGTC
Mir-1381_5p	CCCTCGC	NA
Mir-1388_3p	NA	TCTCAGG
Mir-1388_5p	GGACTGT	NA
Mir-1389_3p	NA	CTGGGCT
Mir-138_3p	NA	CTATTTC
Mir-138_5p	GCTGGTG	NA
Mir-1390_3p	NA	GCACACT
Mir-1391_5p	GCCAGTA	NA
Mir-1395_3p	NA	CCTGAAG
Mir-1397_3p	NA	TGTAACC
Mir-1397_5p	GCATTGC	NA
Mir-1398_5p	CCCTTTG	NA
Mir-139_5p	CTACAGT	NA
Mir-1400_3p	NA	ATCCCAC
Mir-1401_5p	TTCTGAC	NA
Mir-1405_3p	NA	GCAGCAA
Mir-1409_3p	NA	AGCGCAC
Mir-140_3p	NA	ACCACAG
Mir-140_3p	NA	CCACAGG
Mir-140_5p	AGTGGTT	NA
Mir-1416_5p	CCTTAAC	NA
Mir-1419_3p	NA	GATATCA
Mir-1419_3p	NA	GATATCG
Mir-1419_5p	CAGTGCT	NA
Mir-1419_5p	GTGCTCG	NA
Mir-1419_5p	GTGCTGG	NA
Mir-1419_5p	TGCTGGG	NA
Mir-1419_5p	TTACTGA	NA
Mir-1421_3p	NA	CGCATGG
Mir-1421_3p	NA	CTGCATA
Mir-1421_3p	NA	GCGTGGA
Mir-1421_5p	ACAGGTC	NA
Mir-1421_5p	ACAGGTT	NA
Mir-1421_5p	AGGTTAC	NA
Mir-1421_5p	AGTCACG	NA
Mir-1421_5p	AGTGGTC	NA
Mir-1421_5p	CGAGGTC	NA
Mir-1421_5p	GAGGTGG	NA
Mir-1421_5p	GAGTTGG	NA
Mir-1421_5p	GCAGGTC	NA
Mir-1421_5p	GGAAGTC	NA
Mir-1421_5p	GGAAGTT	NA
Mir-1421_5p	GGACGTC	NA
Mir-1421_5p	GGAGCTC	NA
Mir-1421_5p	GGAGGAC	NA
Mir-1421_5p	GGAGGCC	NA
Mir-1421_5p	GGAGGGC	NA
Mir-1421_5p	GGAGGTC	NA
Mir-1421_5p	GGGGGCC	NA
Mir-1421_5p	GGGGGTC	NA
Mir-1421_5p	GGTCACA	NA
Mir-1421_5p	GGTCACC	NA
Mir-1421_5p	GGTGGCC	NA
Mir-1421_5p	GGTGGTC	NA
Mir-1421_5p	GTAGGTC	NA
Mir-1421_5p	TTGAGGT	NA
Mir-1422_3p	NA	AAAAATG
Mir-1422_3p	NA	AAACTGC
Mir-1422_3p	NA	AAACTGT
Mir-1422_3p	NA	AAATCGT
Mir-1422_3p	NA	AAATGGT
Mir-1422_3p	NA	CAACCCT
Mir-1422_3p	NA	GAAAACC
Mir-1422_3p	NA	GAAAATC
Mir-1422_3p	NA	GGAAAAT
Mir-1422_5p	AAGTCAT	NA
Mir-1422_5p	AAGTCGT	NA
Mir-1422_5p	ACAAGAC	NA
Mir-1422_5p	AGTCCAG	NA
Mir-1422_5p	TTCATTC	NA
Mir-142_3p	NA	TAGTGTT
Mir-142_5p	ATAAAGT	NA
Mir-143_3p	NA	GAGATGA
Mir-144_3p	NA	ACAGTAT
Mir-144_3p	NA	TACAGTA
Mir-144_5p	GATATCA	NA
Mir-1451_5p	CGCACAG	NA
Mir-1452_5p	TGAGATA	NA
Mir-145_5p	TCCAGTT	NA
Mir-1467_3p	NA	CACACCA
Mir-1467_3p	NA	TCACACC
Mir-146_5p	AAGAACT	NA
Mir-146_5p	GAGAACT	NA
Mir-147_3p	NA	TGTGCGG
Mir-147_5p	CGGAATC	NA
Mir-147_5p	GCGGAAT	NA
Mir-148_3p	NA	CAGTGCA
Mir-148_5p	AAGTTCT	NA
Mir-148_5p	AGTTCTG	NA
Mir-1495_3p	NA	GTGTAAT
Mir-1497_3p	NA	TGAAGAA
Mir-149_5p	CTGGCTC	NA
Mir-14_3p	NA	CAGTCTT
Mir-1502_5p	GAACTTT	NA
Mir-1502_5p	TGAACTT	NA
Mir-150_3p	NA	CTGGTAC
Mir-150_5p	CTCCCAA	NA
Mir-153_3p	NA	TGCATAG
Mir-153_5p	CATTTTT	NA
Mir-153_5p	TCATTTT	NA
Mir-1540_3p	NA	CATGCGC
Mir-1541_3p	NA	GGTGTGC
Mir-1542_3p	NA	ATTGATC
Mir-1544_3p	NA	ACTTTCC
Mir-1544_3p	NA	CCTTTCC
Mir-1544_3p	NA	CTTTCCA
Mir-1544_3p	NA	CTTTTCT
Mir-1544_5p	CACCCAG	NA
Mir-1544_5p	GAACCCA	NA
Mir-1544_5p	GCACCCA	NA
Mir-1544_5p	GCACCGA	NA
Mir-1544_5p	GCACTCA	NA
Mir-1544_5p	GTGCCCT	NA
Mir-1544_5p	GTGTCCT	NA
Mir-1544_5p	GTGTTCT	NA
Mir-1546_5p	CAGGGAT	NA
Mir-1547_5p	ATCAGAG	NA
Mir-1549_3p	NA	TCCGCCC
Mir-1549_5p	CCGGGCT	NA
Mir-154_3p	NA	AAAATAC
Mir-154_3p	NA	AAAATAT
Mir-154_3p	NA	AACAAAC
Mir-154_3p	NA	AACATTC
Mir-154_3p	NA	AATGTTG
Mir-154_3p	NA	ACAATAC
Mir-154_3p	NA	ACAATCA
Mir-154_3p	NA	ACACACC
Mir-154_3p	NA	ACATTAC
Mir-154_3p	NA	AGGACAC
Mir-154_3p	NA	AGGTCAC
Mir-154_3p	NA	ATAATAC
Mir-154_3p	NA	ATAATAG
Mir-154_3p	NA	ATACAAG
Mir-154_3p	NA	ATATAAC
Mir-154_3p	NA	ATATACA
Mir-154_3p	NA	ATATTAT
Mir-154_3p	NA	ATCATAC
Mir-154_3p	NA	ATCATTC
Mir-154_3p	NA	ATCCAAG
Mir-154_3p	NA	ATCGTAC
Mir-154_3p	NA	ATGCAAG
Mir-154_3p	NA	ATGCCAG
Mir-154_3p	NA	ATGTAAC
Mir-154_3p	NA	ATGTAAT
Mir-154_3p	NA	ATGTAGT
Mir-154_3p	NA	ATGTCTG
Mir-154_3p	NA	ATGTGGG
Mir-154_3p	NA	CCAATAC
Mir-154_3p	NA	GAAACAT
Mir-154_3p	NA	GAATAAT
Mir-154_3p	NA	GAGTATT
Mir-154_3p	NA	GATATTG
Mir-154_3p	NA	GTATGTC
Mir-154_3p	NA	TAATACA
Mir-154_3p	NA	TAATATC
Mir-154_3p	NA	TACAAGG
Mir-154_3p	NA	TATACAG
Mir-154_3p	NA	TATACGG
Mir-154_3p	NA	TCACACA
Mir-154_3p	NA	TCACGCA
Mir-154_3p	NA	TCATACA
Mir-154_3p	NA	TTCACCT
Mir-154_3p	NA	TTGTGAC
Mir-154_5p	AAGTTGT	NA
Mir-154_5p	AGGTTAT	NA
Mir-154_5p	AGGTTTT	NA
Mir-154_5p	AGTAGAC	NA
Mir-154_5p	GAGAAAT	NA
Mir-154_5p	GAGGATA	NA
Mir-154_5p	GAGGCTG	NA
Mir-154_5p	GAGGTCT	NA
Mir-154_5p	GAGGTTG	NA
Mir-154_5p	GAGGTTT	NA
Mir-154_5p	GATCGAC	NA
Mir-154_5p	GGATGGT	NA
Mir-154_5p	GGGGCTG	NA
Mir-154_5p	GGTAGAC	NA
Mir-154_5p	GGTAGGC	NA
Mir-154_5p	GGTCGAC	NA
Mir-154_5p	GGTTACC	NA
Mir-154_5p	GTTGATC	NA
Mir-154_5p	TGGTAGA	NA
Mir-154_5p	TGGTGGG	NA
Mir-154_5p	TGGTTAT	NA
Mir-154_5p	TGGTTGA	NA
Mir-154_5p	TGGTTTA	NA
Mir-1550_5p	GATGGGG	NA
Mir-1551_5p	TAGCAGC	NA
Mir-1552_3p	NA	GCTAGCT
Mir-1552_5p	TAGTGCG	NA
Mir-1553_3p	NA	GTGGTGG
Mir-1555_3p	NA	AGGGTTA
Mir-1559_5p	TCGATGC	NA
Mir-155_5p	TAATGCT	NA
Mir-1560_3p	NA	GCATCTC
Mir-1591_5p	GATTCAT	NA
Mir-1596_5p	TTCTCCT	NA
Mir-15_3p	NA	AAACCAC
Mir-15_3p	NA	AAACCAT
Mir-15_3p	NA	AATATTA
Mir-15_3p	NA	CAATATT
Mir-15_3p	NA	CCAATAT
Mir-15_3p	NA	GAGTGTT
Mir-15_3p	NA	GGGTATT
Mir-15_3p	NA	TAATCAT
Mir-15_5p	AGCAGCA	NA
Mir-15_5p	AGCAGCG	NA
Mir-1601_3p	NA	GTGTGAG
Mir-1601_5p	GCTCTGC	NA
Mir-1618_3p	NA	GAGCCCG
Mir-1641_5p	GAGGATT	NA
Mir-1641_5p	GGGGATT	NA
Mir-1651_3p	NA	TGCTTTT
Mir-1662_5p	TGACATC	NA
Mir-1663_3p	NA	GGCATCC
Mir-1663_5p	ACCGCTG	NA
Mir-1668_3p	NA	GCTGTGT
Mir-1669_3p	NA	TGGGCTC
Mir-1677_3p	NA	ACTTCAG
Mir-1677_3p	NA	CTAAATT
Mir-1677_3p	NA	CTTCAAC
Mir-1677_3p	NA	CTTCACT
Mir-1677_3p	NA	CTTCTGT
Mir-1677_3p	NA	CTTTAAT
Mir-1677_3p	NA	GACTCCA
Mir-1677_3p	NA	GACTTAA
Mir-1677_3p	NA	GACTTCA
Mir-1677_3p	NA	TGACTTA
Mir-1677_3p	NA	TGACTTC
Mir-1677_3p	NA	TTGACTT
Mir-1677_3p	NA	TTTGAAT
Mir-1677_5p	CCAAAGC	NA
Mir-1677_5p	CCAGAGC	NA
Mir-1677_5p	GACCCAG	NA
Mir-1677_5p	TCTGCTC	NA
Mir-1685_3p	NA	CAGTAAT
Mir-1689_3p	NA	CGGTGAC
Mir-1720_3p	NA	AAGCAAC
Mir-1720_5p	AATCACC	NA
Mir-1720_5p	GATCACC	NA
Mir-1728_3p	NA	GGCTTCT
Mir-1729_3p	NA	TACTCGG
Mir-1729_5p	TCCCTTA	NA
Mir-1731_5p	CTTGACT	NA
Mir-1736_3p	NA	GCACCTT
Mir-1751_3p	NA	TGAAGGA
Mir-1774_3p	NA	CCCTGCT
Mir-1781_3p	NA	TTAAATC
Mir-1781_3p	NA	TTTAAAT
Mir-1788_3p	NA	AGGCAGC
Mir-1788_5p	GCTTGTT	NA
Mir-17_3p	NA	CGCACTG
Mir-17_3p	NA	CTGCAAT
Mir-17_3p	NA	CTGCACA
Mir-17_3p	NA	CTGCAGT
Mir-17_3p	NA	CTGCCCT
Mir-17_5p	AAAGTGC	NA
Mir-17_5p	AAGGTGC	NA
Mir-1805_3p	NA	GTATTGG
Mir-1805_5p	GTTGTAG	NA
Mir-1806_3p	NA	GGCAGGA
Mir-1817_5p	AGCCAAT	NA
Mir-1819_3p	NA	GGAATGA
Mir-181_3p	NA	CCATCGA
Mir-181_3p	NA	CCCGCTG
Mir-181_3p	NA	TCGCTGA
Mir-181_5p	ACATTCA	NA
Mir-1821_3p	NA	GAGGTCT
Mir-1823_3p	NA	ACTGGAA
Mir-1829_5p	AGAGCGC	NA
Mir-1829_5p	AGCGAAA	NA
Mir-1829_5p	AGCGATC	NA
Mir-1829_5p	AGGGGAC	NA
Mir-1830_3p	NA	CTAGGAA
Mir-1832_3p	NA	GGGCGGA
Mir-1832_3p	NA	GTGGGCA
Mir-1835_3p	NA	CTTCAAC
Mir-1835_5p	GCACCCT	NA
Mir-1838_5p	CACCAGC	NA
Mir-1840_3p	NA	CACGTGA
Mir-1840_5p	GTTAGGG	NA
Mir-1842_5p	GGCTCTG	NA
Mir-1842_5p	TGGCTCT	NA
Mir-1844_3p	NA	TCTGCCC
Mir-1844_5p	GGACTAC	NA
Mir-184_3p	NA	ACGGAGG
Mir-184_3p	NA	GGACGGA
Mir-184_5p	CTTGTCA	NA
Mir-185_5p	GGAGAGA	NA
Mir-186_5p	AAAGAAT	NA
Mir-187_3p	NA	CGTGTCT
Mir-188_3p	NA	TCCCACA
Mir-188_5p	ACCCATT	NA
Mir-188_5p	ATCCCTT	NA
Mir-188_5p	ATGCCTT	NA
Mir-1890_3p	NA	GAAATCT
Mir-1891_3p	NA	CACGTCC
Mir-1891_5p	GAGGAGT	NA
Mir-1908_5p	GGCGGGG	NA
Mir-190_3p	NA	CCAGGAA
Mir-190_3p	NA	CCAGGAG
Mir-190_3p	NA	CTATATA
Mir-190_5p	GATATGT	NA
Mir-1910_3p	NA	AGGCAGA
Mir-1911_5p	GAGTACC	NA
Mir-1912_3p	NA	ACAGAAC
Mir-1912_3p	NA	ACCCAGA
Mir-1913_3p	NA	CTGCCCC
Mir-1913_5p	CGGCAGA	NA
Mir-1914_5p	CCTGTGC	NA
Mir-191_5p	AACGGAA	NA
Mir-1929_5p	TCTAGGA	NA
Mir-192_5p	GACCTAT	NA
Mir-192_5p	TGACCTA	NA
Mir-1930_5p	CCTCCAT	NA
Mir-1933_3p	NA	CAGGACC
Mir-1934_3p	NA	GGATGAC
Mir-193_3p	NA	AATGCCC
Mir-193_3p	NA	ACTGGCC
Mir-193_3p	NA	ACTGGCT
Mir-193_3p	NA	TACTGGC
Mir-193_5p	AAGATTT	NA
Mir-193_5p	GAGGTTG	NA
Mir-193_5p	GGGACTT	NA
Mir-193_5p	GGGATTT	NA
Mir-193_5p	GGGGTTT	NA
Mir-193_5p	GGGTCTT	NA
Mir-193_5p	GTTGGGA	NA
Mir-1941_5p	AGGGAGA	NA
Mir-1943_5p	AGGGAGG	NA
Mir-1947_5p	GGACGAG	NA
Mir-1948_3p	NA	TTAGGCA
Mir-194_5p	GTAACAG	NA
Mir-1953_5p	GGGAAAG	NA
Mir-1955_5p	GTCCCAG	NA
Mir-1958_3p	NA	AGGAAAG
Mir-1960_5p	CAGTGCT	NA
Mir-1962_3p	NA	GAGGCTG
Mir-1964_3p	NA	CGACTTC
Mir-196_3p	NA	CAGGAAC
Mir-196_5p	AGGTAGT	NA
Mir-197_3p	NA	TCACCAC
Mir-1984_5p	GCCCTAT	NA
Mir-1985_5p	GCCATTT	NA
Mir-1986_3p	NA	GGATTTC
Mir-1987_3p	NA	CTGCCAG
Mir-1988_5p	GTGGTTT	NA
Mir-1989_5p	CAGCTGT	NA
Mir-1990_3p	NA	CGGGACT
Mir-1990_3p	NA	GGGACTA
Mir-1990_5p	AAGTTGA	NA
Mir-1990_5p	GTAAGTT	NA
Mir-1992_3p	NA	CAGCAGT
Mir-1992_5p	GCCAATG	NA
Mir-1992_5p	GTCTTGA	NA
Mir-1993_3p	NA	ATTATGC
Mir-1993_5p	CGGAAAT	NA
Mir-1994_3p	NA	GAGACAG
Mir-1995_5p	TACATCT	NA
Mir-1996_5p	TCAAGTG	NA
Mir-1997_3p	NA	CTGCAGG
Mir-1997_5p	GGCTGAT	NA
Mir-1998_3p	NA	TGAACGC
Mir-1998_3p	NA	TTGAACG
Mir-199_3p	NA	CAGTAGT
Mir-199_5p	CCAGTGT	NA
Mir-19_3p	NA	GTGCAAA
Mir-19_5p	GTTTTGC	NA
Mir-1_3p	NA	GGAATGT
Mir-2000_3p	NA	AAGTCTT
Mir-2001_3p	NA	CTCATTT
Mir-2001_3p	NA	CTCGTTT
Mir-2001_5p	TGTGACC	NA
Mir-2001_5p	TTGTGAC	NA
Mir-2002_3p	NA	GAATACA
Mir-2004_3p	NA	CACACAC
Mir-2005_5p	GTCCAAT	NA
Mir-2006_3p	NA	AGCACAC
Mir-2006_5p	ATCGCTA	NA
Mir-2007_5p	ATTTCAG	NA
Mir-2008_3p	NA	CAGCCTC
Mir-2008_5p	GTATTAA	NA
Mir-2008_5p	TATTAAC	NA
Mir-2009_3p	NA	GAGTTGT
Mir-2010_3p	NA	TACTGTT
Mir-2011_3p	NA	CAAGGTG
Mir-2012_5p	AGTACTG	NA
Mir-2014_3p	NA	GCCAAAC
Mir-2014_5p	AGATTGG	NA
Mir-2015_5p	CATGTAT	NA
Mir-2017_3p	NA	ACCTGTG
Mir-2017_3p	NA	CCTGTGC
Mir-2018_5p	GTCGGAG	NA
Mir-2019_5p	AAGTGAT	NA
Mir-2020_5p	GGGTAGT	NA
Mir-2021_3p	NA	GGTGGTC
Mir-2022_3p	NA	TTGCTAG
Mir-2023_3p	NA	AAGAAGT
Mir-2025_3p	NA	TTTTTAG
Mir-2026_5p	TTCAAAT	NA
Mir-2027_3p	NA	TGCGATT
Mir-2028_5p	AATGTTC	NA
Mir-2029_5p	ACGCAAT	NA
Mir-202_5p	TCCTATG	NA
Mir-2030_5p	AGCATAA	NA
Mir-2032_5p	CGCTGCA	NA
Mir-2032_5p	CGCTGCG	NA
Mir-2036_3p	NA	ATATTGT
Mir-2037_3p	NA	GTGATTG
Mir-203_3p	NA	GAAATGT
Mir-203_3p	NA	TGAAATG
Mir-2042_5p	TATAAAT	NA
Mir-2043_5p	ATATCGC	NA
Mir-2045_5p	CCCAGAG	NA
Mir-204_5p	TCCCTTT	NA
Mir-2050_3p	NA	TTTGATT
Mir-2051_3p	NA	ACCGGAG
Mir-2056_3p	NA	TTCACTG
Mir-2057_5p	GAGAAGT	NA
Mir-2058_5p	GAGAAGT	NA
Mir-205_3p	NA	TTCCCAG
Mir-205_5p	CCTTCAT	NA
Mir-205_5p	TCTTCAT	NA
Mir-2061_3p	NA	TGCATAG
Mir-2062_5p	GCAACAA	NA
Mir-2068_5p	TTCCTAT	NA
Mir-2070_5p	TTCCACA	NA
Mir-2071_3p	NA	TTGTTAC
Mir-2072_5p	GCAACAT	NA
Mir-2076_5p	ATTGCAC	NA
Mir-208_3p	NA	TAAGACG
Mir-208_5p	AGCTTTT	NA
Mir-208_5p	TGCTCCT	NA
Mir-210_3p	NA	GTGCGTA
Mir-210_3p	NA	TGTGCGT
Mir-210_3p	NA	TTGTGCG
Mir-210_5p	AGCCTCT	NA
Mir-210_5p	AGTCGCT	NA
Mir-210_5p	GCCACTG	NA
Mir-210_5p	GCTGCTG	NA
Mir-210_5p	GGTCATT	NA
Mir-210_5p	GTGGCTT	NA
Mir-210_5p	TCACTGT	NA
Mir-2114_3p	NA	GAGCCTC
Mir-2114_5p	AGTCCCT	NA
Mir-2115_3p	NA	ATCAGAA
Mir-2116_3p	NA	CCTCCCA
Mir-2116_5p	GTTCTTA	NA
Mir-2131_3p	NA	TGTTACT
Mir-2131_5p	TGCAGAA	NA
Mir-2148_5p	GAAATTC	NA
Mir-214_3p	NA	CAGCAGG
Mir-214_5p	GCCTGTC	NA
Mir-2156_3p	NA	CTTACGG
Mir-2159_3p	NA	AGCTGCC
Mir-2159_5p	GCCTTTT	NA
Mir-2165_3p	NA	AATTCGA
Mir-2166_3p	NA	TGGTCAC
Mir-2166_5p	AGAATAA	NA
Mir-2169_5p	ACTTTGA	NA
Mir-216_3p	NA	AAGTTAC
Mir-216_3p	NA	ACAGTGG
Mir-216_3p	NA	ACGGTGC
Mir-216_3p	NA	ACTTTGC
Mir-216_3p	NA	CACTTGC
Mir-216_3p	NA	CAGACTA
Mir-216_3p	NA	CCTATAA
Mir-216_5p	AATATCA	NA
Mir-216_5p	AATCTCA	NA
Mir-216_5p	AATCTCG	NA
Mir-216_5p	AATCTCT	NA
Mir-2170_3p	NA	CAGTGAA
Mir-2170_5p	CTCTACT	NA
Mir-2179_3p	NA	GACTATA
Mir-217_3p	NA	AATCTGT
Mir-217_5p	ACTGCAT	NA
Mir-2184_5p	ACAGTAA	NA
Mir-2188_3p	NA	GCTATGT
Mir-2188_3p	NA	TGTGTAT
Mir-2188_5p	AGGTCCA	NA
Mir-2189_3p	NA	GATTGTT
Mir-218_3p	NA	ATGGTTC
Mir-218_5p	TGTGCTT	NA
Mir-2191_3p	NA	CACACCT
Mir-219_3p	NA	AAATGCA
Mir-219_3p	NA	AGAACTG
Mir-219_3p	NA	CGATTGT
Mir-219_3p	NA	GAAATGT
Mir-219_3p	NA	GAACTGA
Mir-219_3p	NA	GAACTGT
Mir-219_3p	NA	GAATTGA
Mir-219_3p	NA	GAATTGC
Mir-219_3p	NA	GAATTGT
Mir-219_3p	NA	GAGCTGT
Mir-219_3p	NA	GAGTTGA
Mir-219_3p	NA	GAGTTGC
Mir-219_3p	NA	GAGTTGG
Mir-219_3p	NA	GAGTTGT
Mir-219_3p	NA	GGACTGT
Mir-219_3p	NA	GGATTGT
Mir-219_3p	NA	GGCTTGT
Mir-219_3p	NA	GGGTTGC
Mir-219_3p	NA	GGGTTGT
Mir-219_5p	GATTGTC	NA
Mir-21_5p	AGCTTAT	NA
Mir-2208_3p	NA	TGCAGAT
Mir-2208_5p	AGTGTAC	NA
Mir-2210_3p	NA	AAAGTCG
Mir-2218_3p	NA	AATTTGT
Mir-2218_3p	NA	GGCCAGA
Mir-221_3p	NA	GCTACAT
Mir-221_5p	CCTGGCA	NA
Mir-221_5p	CTCAGTA	NA
Mir-221_5p	GCTCAGT	NA
Mir-2221_3p	NA	AAGTGAT
Mir-2222_3p	NA	ATCACAA
Mir-2222_3p	NA	ATCACAG
Mir-2231_3p	NA	CCCTGAG
Mir-223_3p	NA	CAGTTTG
Mir-223_3p	NA	GTCAGTT
Mir-224_5p	AAGTCAC	NA
Mir-2276_3p	NA	CTGCAAG
Mir-2276_5p	CCCTCTG	NA
Mir-2279_5p	TAAATAT	NA
Mir-2285_3p	NA	AAAAACC
Mir-2285_3p	NA	AAACCAG
Mir-2285_3p	NA	AAACCGG
Mir-2285_3p	NA	AAACCTC
Mir-2285_3p	NA	AAACCTG
Mir-2285_3p	NA	AACTCGA
Mir-2285_5p	AAAAAGT	NA
Mir-2285_5p	AAAAGCT	NA
Mir-2285_5p	AAACGTT	NA
Mir-2285_5p	GAAAGTT	NA
Mir-2299_5p	CTGGATT	NA
Mir-229_5p	ATGACAC	NA
Mir-22_3p	NA	AGCTGCC
Mir-22_3p	NA	AGCTGGC
Mir-22_3p	NA	CAGCTCC
Mir-22_3p	NA	CAGCTGC
Mir-22_3p	NA	GCTGCCT
Mir-22_5p	GGTCCTT	NA
Mir-22_5p	GTTCTTC	NA
Mir-22_5p	TGATCAG	NA
Mir-22_5p	TGGTGAG	NA
Mir-22_5p	TTTCTTC	NA
Mir-230_3p	NA	TATTAGT
Mir-230_5p	CTTGGTC	NA
Mir-2313_5p	GTGCAGC	NA
Mir-231_3p	NA	AAGCTCG
Mir-2320_3p	NA	CGATGAT
Mir-2328_5p	CCCCCTC	NA
Mir-2330_5p	GGGCTTG	NA
Mir-2331_5p	GCTTCCG	NA
Mir-2336_3p	NA	TAACCGT
Mir-2355_3p	NA	ATTGTCC
Mir-2355_3p	NA	GTCCTTG
Mir-2355_3p	NA	TTGTCCT
Mir-2355_5p	CCCAGAT	NA
Mir-2355_5p	TCCCCAG	NA
Mir-2355_5p	TCCTCAG	NA
Mir-2355_5p	TCGTGAG	NA
Mir-2367_5p	CCCTGTA	NA
Mir-2373_3p	NA	GAGCCCG
Mir-2382_5p	GGGGAGT	NA
Mir-2387_3p	NA	CTGCAGA
Mir-2387_5p	GGAAGGC	NA
Mir-2388_3p	NA	CTCGAGG
Mir-2388_5p	GCTCCCG	NA
Mir-238_3p	NA	TTGTACT
Mir-23_3p	NA	TCACATT
Mir-2408_3p	NA	ACGTGTG
Mir-242_5p	GCGTAGG	NA
Mir-242_5p	TGCGTAG	NA
Mir-243_3p	NA	GGTACGA
Mir-243_5p	ATCTCGG	NA
Mir-2461_3p	NA	CAGACTG
Mir-2461_5p	CACTCTG	NA
Mir-2467_5p	GAGGCTC	NA
Mir-2468_5p	TAGGAAC	NA
Mir-246_3p	NA	TACATGT
Mir-2471_3p	NA	CTGATGA
Mir-2471_5p	AGGATCT	NA
Mir-2475_3p	NA	GAAGTGT
Mir-2475_5p	CTTCAGG	NA
Mir-2483_3p	NA	AACATCT
Mir-2483_5p	ATCAATC	NA
Mir-2483_5p	GTCAACC	NA
Mir-248_3p	NA	TACACGT
Mir-2499_3p	NA	TGCGGAT
Mir-249_3p	NA	CACAGGA
Mir-24_3p	NA	GGCTCAG
Mir-24_5p	TACCTAC	NA
Mir-24_5p	TGCCTAC	NA
Mir-2501_5p	TAAGTTT	NA
Mir-252_3p	NA	CATTGTA
Mir-252_3p	NA	CATTGTG
Mir-252_5p	AAGTACT	NA
Mir-252_5p	AAGTAGT	NA
Mir-252_5p	TAAGTAC	NA
Mir-252_5p	TAAGTAG	NA
Mir-253_3p	NA	TAGTAGG
Mir-254_3p	NA	GCAAATC
Mir-254_5p	ACAGAAG	NA
Mir-255_3p	NA	AACTGAA
Mir-255_5p	TAAGAAA	NA
Mir-2582_3p	NA	AACTTTG
Mir-2582_5p	TCACAGT	NA
Mir-2583_3p	NA	CGTGCAA
Mir-2584_3p	NA	AAGAGGT
Mir-2685_3p	NA	AACTCAG
Mir-2686_3p	NA	AGATGTT
Mir-2687_5p	AGGTAGT	NA
Mir-2689_3p	NA	ATCCTGG
Mir-2690_3p	NA	GTGAAAG
Mir-2691_3p	NA	TTTGCAA
Mir-2692_3p	NA	CAGTCAA
Mir-2693_3p	NA	AGTCTAG
Mir-2693_5p	GAAATTG	NA
Mir-2697_5p	GCTATGT	NA
Mir-2699_3p	NA	TTTGTGA
Mir-2699_5p	ACGGCCG	NA
Mir-26_5p	TCAAGTA	NA
Mir-2702_5p	ATATTTC	NA
Mir-2703_3p	NA	GCTTTGA
Mir-2705_3p	NA	CTGCAAG
Mir-2707_3p	NA	TACTTAT
Mir-2707_5p	GTCAAGC	NA
Mir-2722_3p	NA	GGCGCCG
Mir-2722_5p	AAGGTGT	NA
Mir-2722_5p	AGGTGTT	NA
Mir-2755_3p	NA	ACCCTGT
Mir-2756_5p	CCCTGTA	NA
Mir-275_3p	NA	CAGGTAC
Mir-2763_3p	NA	ATTATGC
Mir-2765_5p	GGTAACT	NA
Mir-2766_3p	NA	CAGTCTT
Mir-2767_5p	AAGTAAA	NA
Mir-276_3p	NA	AGGAACT
Mir-276_5p	GCGAGGT	NA
Mir-277_3p	NA	AAATGCA
Mir-277_3p	NA	TGCATTA
Mir-2786_3p	NA	TCTCTCG
Mir-278_3p	NA	CGGTGGG
Mir-278_5p	CGGATGA	NA
Mir-2796_3p	NA	TAGGCCG
Mir-279_3p	NA	GACTAGA
Mir-279_5p	ACGGATG	NA
Mir-279_5p	CTGGATG	NA
Mir-279_5p	GAGTTCA	NA
Mir-279_5p	GGCGATT	NA
Mir-27_3p	NA	TCACAGT
Mir-27_5p	AGAACTT	NA
Mir-27_5p	GGACTTA	NA
Mir-27_5p	GGGCTTA	NA
Mir-281_3p	NA	GTCATGG
Mir-281_5p	AAGAGAG	NA
Mir-281_5p	AGAGAGC	NA
Mir-281_5p	AGGGAGC	NA
Mir-281_5p	GGAGAGC	NA
Mir-282_3p	NA	CAACGTC
Mir-282_3p	NA	CATAGCC
Mir-282_5p	AGCCTCT	NA
Mir-284_3p	NA	TCAGCAA
Mir-284_5p	CTGGAAT	NA
Mir-28_3p	NA	AACTAGA
Mir-28_3p	NA	ACTAGAT
Mir-28_3p	NA	TAGACTG
Mir-28_5p	AGGAGCT	NA
Mir-28_5p	CGAGGAG	NA
Mir-2940_3p	NA	GTCGACA
Mir-2941_3p	NA	AGTACGG
Mir-2953_3p	NA	GATCACT
Mir-2954_3p	NA	ATCCCCA
Mir-2958_5p	GCTGGTG	NA
Mir-2962_3p	NA	CATCCCC
Mir-2965_5p	AGGACTG	NA
Mir-296_3p	NA	GGGTTGG
Mir-296_5p	AGGGCAC	NA
Mir-296_5p	GGGCCCC	NA
Mir-2970_5p	ACAGTCA	NA
Mir-2970_5p	ACGGTCA	NA
Mir-2984_5p	GCCTGCT	NA
Mir-2987_3p	NA	GAGCAAG
Mir-298_5p	GCAGAGG	NA
Mir-2997_3p	NA	AGGAGCT
Mir-29_3p	NA	AGCACCA
Mir-29_3p	NA	TAGCACC
Mir-29_5p	ACTGAAT	NA
Mir-29_5p	CTGAATT	NA
Mir-29_5p	CTGAGTC	NA
Mir-29_5p	CTGATTT	NA
Mir-29_5p	CTGGTTC	NA
Mir-29_5p	CTGGTTT	NA
Mir-29_5p	TGATTTC	NA
Mir-2_3p	NA	ACAGTTG
Mir-2_3p	NA	ATCACAG
Mir-2_3p	NA	CACAGCC
Mir-2_3p	NA	CACAGCT
Mir-2_3p	NA	TTTCATT
Mir-2_5p	AAGGAAC	NA
Mir-2_5p	ACGGCAA	NA
Mir-2_5p	AGTCAAA	NA
Mir-2_5p	CATCAAA	NA
Mir-2_5p	CATCATT	NA
Mir-2_5p	CTCCAAA	NA
Mir-2_5p	GAGAACG	NA
Mir-2_5p	GAGAATA	NA
Mir-2_5p	GATAATT	NA
Mir-2_5p	GCAGTAT	NA
Mir-2_5p	GCGGTAT	NA
Mir-2_5p	GGGAACT	NA
Mir-2_5p	TAAGGAA	NA
Mir-2_5p	TCATCAA	NA
Mir-2_5p	TTGTCAG	NA
Mir-3003_3p	NA	AAATGTG
Mir-3003_3p	NA	TAAATGT
Mir-3005_3p	NA	TGGTGGA
Mir-3005_5p	GGAACCG	NA
Mir-3007_5p	GTTCGGC	NA
Mir-3010_3p	NA	GAGAGCG
Mir-3011_3p	NA	TGATTTT
Mir-3012_3p	NA	CAGTGGA
Mir-303_3p	NA	ATTTACC
Mir-303_5p	AGGTTTC	NA
Mir-303_5p	TGGCATT	NA
Mir-3049_5p	CGGGAAG	NA
Mir-3057_5p	TTGGAGC	NA
Mir-3058_5p	CAGCCAC	NA
Mir-3059_5p	TTCCTCT	NA
Mir-305_3p	NA	GGCACAT
Mir-305_5p	TTGTACT	NA
Mir-3060_3p	NA	CATAGCA
Mir-3061_3p	NA	TACCTTT
Mir-3061_5p	AGTGGGC	NA
Mir-3066_5p	TGGTTGC	NA
Mir-3067_5p	GTTCTCA	NA
Mir-3068_3p	NA	GTGAATT
Mir-3068_5p	TGGAGTT	NA
Mir-306_5p	CAGGTAC	NA
Mir-3072_3p	NA	GCCCCCT
Mir-3073_3p	NA	TGATGTC
Mir-3075_5p	GTCTGGG	NA
Mir-3079_5p	TTGATCT	NA
Mir-3080_3p	NA	CCTCGGG
Mir-3080_5p	GAAGCGC	NA
Mir-3081_3p	NA	TGCGCTC
Mir-3085_3p	NA	CTGGCTG
Mir-3086_5p	AGATTGT	NA
Mir-3090_3p	NA	CCCAGGT
Mir-3091_3p	NA	GGGCCTG
Mir-3092_3p	NA	AATGGGG
Mir-3093_3p	NA	GTGGACA
Mir-3095_3p	NA	GGACACT
Mir-3098_5p	CCTAACA	NA
Mir-3099_3p	NA	AGGCTAG
Mir-30_3p	NA	TGAGAGA
Mir-30_3p	NA	TGGGAGA
Mir-30_3p	NA	TTTCAGT
Mir-30_5p	GTAAACA	NA
Mir-3101_3p	NA	AGCTTTG
Mir-3105_3p	NA	CTGCTTA
Mir-3105_5p	GAGCAAG	NA
Mir-3109_5p	ATGGATG	NA
Mir-3110_5p	TCTGCCT	NA
Mir-3112_5p	CATAGAA	NA
Mir-3126_5p	GAGGGAC	NA
Mir-3127_5p	TCAGGGC	NA
Mir-3136_5p	TGACTGA	NA
Mir-3138_3p	NA	CAGTGAG
Mir-3140_3p	NA	GCTTTTG
Mir-3144_5p	AGGGGAC	NA
Mir-3145_3p	NA	ATTTTGA
Mir-3145_3p	NA	GATATTT
Mir-3146_3p	NA	ATGCTAG
Mir-314_3p	NA	ATTCGAG
Mir-315_3p	NA	ATCGAGT
Mir-315_3p	NA	TGTCGAG
Mir-315_5p	TTTGATT	NA
Mir-316_5p	GTCTTTT	NA
Mir-3173_3p	NA	AGGAGGA
Mir-3173_5p	GCCCTGC	NA
Mir-3174_5p	AGTGAGT	NA
Mir-317_3p	NA	GAACACA
Mir-3180_3p	NA	GGGGCGG
Mir-3187_3p	NA	TGGCCAT
Mir-3194_5p	GCCAGCC	NA
Mir-31_5p	GGCAAGA	NA
Mir-31_5p	GGCAGAT	NA
Mir-3200_3p	NA	ACCTTGC
Mir-320_3p	NA	AAAGCTG
Mir-324_5p	GCATCCC	NA
Mir-325_3p	NA	TGATTAA
Mir-325_3p	NA	TTATTGA
Mir-325_5p	CTAGTAG	NA
Mir-326_3p	NA	CTCTGGG
Mir-328_3p	NA	TGGCCCT
Mir-32_5p	ATTGCAC	NA
Mir-330_3p	NA	AAAGCAC
Mir-330_5p	CTCTGGG	NA
Mir-331_3p	NA	CCCCTGG
Mir-3327_3p	NA	TATGTAA
Mir-3338_3p	NA	TGTACTT
Mir-335_3p	NA	TTTTCAT
Mir-335_5p	CAAGAGC	NA
Mir-337_5p	GGCGTCA	NA
Mir-338_3p	NA	CCAGCAT
Mir-338_3p	NA	CCAGTGT
Mir-338_5p	ACAATAT	NA
Mir-339_3p	NA	GAGCGCC
Mir-339_5p	CCCTGTC	NA
Mir-33_3p	NA	AATACAA
Mir-33_3p	NA	AATACTT
Mir-33_3p	NA	AATGCCC
Mir-33_3p	NA	AATGCTT
Mir-33_3p	NA	AATGGAT
Mir-33_3p	NA	AATGTAA
Mir-33_3p	NA	AATGTAC
Mir-33_3p	NA	AATGTGT
Mir-33_3p	NA	AATGTTC
Mir-33_3p	NA	AATGTTT
Mir-33_3p	NA	AGTGCCT
Mir-33_3p	NA	AGTGCTT
Mir-33_3p	NA	TAATGTG
Mir-33_5p	TGCATTG	NA
Mir-340_5p	AGTAATG	NA
Mir-340_5p	CTATAAA	NA
Mir-340_5p	TATAAAG	NA
Mir-342_3p	NA	CTCACAC
Mir-3431_5p	CTCAGTC	NA
Mir-3432_5p	GCGGGAT	NA
Mir-345_3p	NA	CCTGAAC
Mir-345_3p	NA	CTGAACT
Mir-345_5p	CTGACTC	NA
Mir-345_5p	GCTGACC	NA
Mir-346_5p	GTCTGCC	NA
Mir-34_3p	NA	AGCCACA
Mir-34_3p	NA	AGCCACC
Mir-34_3p	NA	AGCTAAC
Mir-34_3p	NA	AGCTGCT
Mir-34_3p	NA	AGTCAGG
Mir-34_3p	NA	AGTCGCT
Mir-34_3p	NA	AGTTGTT
Mir-34_3p	NA	ATCACTA
Mir-34_3p	NA	CAGCTAC
Mir-34_3p	NA	CAGCTAT
Mir-34_3p	NA	CCCACTA
Mir-34_3p	NA	CCCTCTA
Mir-34_3p	NA	CGGCTAC
Mir-34_3p	NA	GCAGCTA
Mir-34_3p	NA	GCCACTG
Mir-34_5p	GGCAGTG	NA
Mir-34_5p	TGGCAGT	NA
Mir-350_3p	NA	TCACAAA
Mir-350_5p	AAGTGCA	NA
Mir-351_5p	CCCTGAG	NA
Mir-3558_3p	NA	ACTGTGG
Mir-3558_5p	CATAGAA	NA
Mir-3559_5p	GACAGAC	NA
Mir-355_5p	TTGTTTT	NA
Mir-357_3p	NA	AATGCCA
Mir-3580_3p	NA	GACTAGG
Mir-358_3p	NA	TTGGTAT
Mir-3593_3p	NA	TTCAACC
Mir-3598_5p	CACAGTG	NA
Mir-3611_3p	NA	TGTGAAG
Mir-3613_5p	GTTGTAC	NA
Mir-3617_5p	AAGACAT	NA
Mir-3619_5p	CAGCAGG	NA
Mir-361_5p	TATCAGA	NA
Mir-3622_3p	NA	ACCTGAC
Mir-3622_5p	AGGCACG	NA
Mir-362_3p	NA	ACACACC
Mir-362_3p	NA	ATCCACC
Mir-362_3p	NA	ATGCACC
Mir-362_3p	NA	TGCACCT
Mir-362_5p	AATCCTT	NA
Mir-362_5p	ATCCTTG	NA
Mir-362_5p	ATCCTTT	NA
Mir-3660_3p	NA	CTGACAG
Mir-3663_3p	NA	GAGCACC
Mir-3690_5p	CCTGGAC	NA
Mir-36_3p	NA	AACCAGG
Mir-36_3p	NA	CACCGGG
Mir-36_3p	NA	CCCCGGG
Mir-36_3p	NA	TCACCGG
Mir-36_5p	CCGGGTT	NA
Mir-36_5p	GGTGAAT	NA
Mir-36_5p	GTGGATT	NA
Mir-370_3p	NA	CCTGCTG
Mir-374_3p	NA	TTACCAG
Mir-374_3p	NA	TTATCAG
Mir-374_5p	TATAATA	NA
Mir-375_3p	NA	TTGTTCA
Mir-375_3p	NA	TTGTTCG
Mir-376_3p	NA	ACACAGA
Mir-376_3p	NA	ACATAGA
Mir-376_3p	NA	ATCATAG
Mir-376_3p	NA	TCATACG
Mir-376_3p	NA	TCATAGA
Mir-376_3p	NA	TCGTAGA
Mir-376_5p	TAGATTC	NA
Mir-376_5p	TAGATTT	NA
Mir-376_5p	TGGATAT	NA
Mir-3770_5p	ATCCTGC	NA
Mir-378_3p	NA	CTGGACT
Mir-3809_5p	TCATAAC	NA
Mir-3811_3p	NA	ATGTACA
Mir-3811_5p	CATATTC	NA
Mir-3811_5p	TCTGTTC	NA
Mir-3811_5p	TCTTGCT	NA
Mir-3814_3p	NA	AGCATGA
Mir-3816_3p	NA	TGCTGCC
Mir-3820_5p	TTGCCAA	NA
Mir-3821_3p	NA	TTCTAGT
Mir-3822_3p	NA	TATTTTC
Mir-3824_5p	GTAAAAT	NA
Mir-3825_3p	NA	CCGTGCG
Mir-3825_5p	GTTTTCT	NA
Mir-383_5p	GATCAGA	NA
Mir-3840_3p	NA	AGTACGA
Mir-3841_3p	NA	AGTACGG
Mir-3842_3p	NA	AACGCTT
Mir-3842_5p	GGAGGAA	NA
Mir-3843_5p	GTTGTTG	NA
Mir-3849_5p	GACATTT	NA
Mir-384_3p	NA	TTCCTAG
Mir-384_5p	GTAAACA	NA
Mir-3851_3p	NA	AGTACGA
Mir-3851_3p	NA	AGTACGG
Mir-3851_3p	NA	AGTACGT
Mir-3851_5p	GTTGGCA	NA
Mir-3853_5p	TGTGTAT	NA
Mir-3862_5p	GGGCAAA	NA
Mir-3863_3p	NA	CAGCGTC
Mir-3863_5p	GATCAAG	NA
Mir-3893_3p	NA	TAAAGCT
Mir-3909_3p	NA	GTCCTCT
Mir-3924_3p	NA	TATGTAT
Mir-3924_5p	AGTAGTC	NA
Mir-392_3p	NA	TCATCGA
Mir-3931_3p	NA	ACTTTGA
Mir-3934_3p	NA	GCTCAGG
Mir-3934_5p	CAGGTGT	NA
Mir-3942_3p	NA	TTCAGAT
Mir-3942_5p	GCAATAC	NA
Mir-3944_3p	NA	TCGGGCT
Mir-3956_3p	NA	GACCTTC
Mir-3956_5p	TACGTGG	NA
Mir-3957_3p	NA	CGCACAG
Mir-3_3p	NA	CACTGGG
Mir-3_3p	NA	CACTGGT
Mir-3_5p	GATGAAC	NA
Mir-3_5p	GGTCTAT	NA
Mir-3_5p	TAGTCAT	NA
Mir-4010_5p	ACGTATG	NA
Mir-4011_5p	ACAGTGG	NA
Mir-4011_5p	CACAGTG	NA
Mir-4013_3p	NA	AGGCTGC
Mir-4013_5p	GACTTGT	NA
Mir-4014_3p	NA	TACAGAA
Mir-4015_3p	NA	GATAGGT
Mir-4017_3p	NA	AAGTGCA
Mir-4018_5p	GGAACAT	NA
Mir-4029_5p	AAGTGCA	NA
Mir-4030_5p	AAGTGCA	NA
Mir-4031_3p	NA	CATGTAC
Mir-4034_5p	CACAGTG	NA
Mir-4036_5p	GTGCAAA	NA
Mir-4037_5p	CAATTGC	NA
Mir-4040_5p	CGTCTTT	NA
Mir-4043_3p	NA	TGCATAG
Mir-4044_3p	NA	GAAATAG
Mir-4045_5p	CACAATG	NA
Mir-4046_3p	NA	CAGTAAC
Mir-4047_5p	CAGACAC	NA
Mir-4048_5p	CACCTTG	NA
Mir-4050_5p	AGGTAAA	NA
Mir-4052_3p	NA	CACTTGA
Mir-4053_3p	NA	AGTACGT
Mir-4054_5p	ATGATTG	NA
Mir-4055_5p	ATTCGGA	NA
Mir-4057_3p	NA	TTGCTAC
Mir-4060_3p	NA	GCCGTTG
Mir-4060_5p	TTTCACT	NA
Mir-4061_3p	NA	ACACTCT
Mir-4062_3p	NA	ATGCTGA
Mir-4062_3p	NA	ATGCTGT
Mir-4063_5p	ACACCTT	NA
Mir-4065_3p	NA	ATCGACA
Mir-4067_5p	AAGGAAC	NA
Mir-4070_5p	CGAATGT	NA
Mir-4071_5p	TTGCTCT	NA
Mir-4073_3p	NA	AGGATGT
Mir-4076_5p	AACGAGT	NA
Mir-4078_3p	NA	TCACTTT
Mir-4079_5p	GCTTCAT	NA
Mir-4081_5p	AGTTCAA	NA
Mir-4085_5p	CGCACGT	NA
Mir-4086_3p	NA	ATTTTGA
Mir-4093_3p	NA	TGCAACA
Mir-4127_5p	ACAGCTC	NA
Mir-423_3p	NA	GCTCGGT
Mir-423_5p	GAGGGGC	NA
Mir-425_3p	NA	ACCGGGA
Mir-425_3p	NA	ATCGGGA
Mir-425_5p	ATGACAC	NA
Mir-430_3p	NA	AAAAGTG
Mir-430_3p	NA	AAAGCGC
Mir-430_3p	NA	AAAGTGC
Mir-430_3p	NA	AAATCGC
Mir-430_3p	NA	AAATGGT
Mir-430_3p	NA	AACGCGC
Mir-430_3p	NA	AAGGCGC
Mir-430_3p	NA	AAGGGCT
Mir-430_3p	NA	AAGTACT
Mir-430_3p	NA	AAGTGCA
Mir-430_3p	NA	AAGTGCC
Mir-430_3p	NA	AAGTGCG
Mir-430_3p	NA	AAGTGCT
Mir-430_3p	NA	AAGTGTT
Mir-430_3p	NA	AATTGCC
Mir-430_3p	NA	AATTGCT
Mir-430_3p	NA	ACGCACT
Mir-430_3p	NA	ACGTGCA
Mir-430_3p	NA	ACGTGCT
Mir-430_3p	NA	AGGCGCG
Mir-430_3p	NA	AGGTGCT
Mir-430_3p	NA	AGTGCAA
Mir-430_3p	NA	AGTGCCC
Mir-430_3p	NA	AGTGCCG
Mir-430_3p	NA	AGTGCCT
Mir-430_3p	NA	AGTGCTG
Mir-430_3p	NA	AGTGCTT
Mir-430_3p	NA	AGTGTCG
Mir-430_3p	NA	CAAAGTG
Mir-430_3p	NA	CGTGCAG
Mir-430_3p	NA	GAAGCGC
Mir-430_3p	NA	GAGTGCT
Mir-430_3p	NA	GTGCCGC
Mir-430_3p	NA	TCGTGCA
Mir-430_5p	ATCAAAG	NA
Mir-430_5p	CCAATAC	NA
Mir-430_5p	CCCAAAA	NA
Mir-430_5p	CCCTAAC	NA
Mir-430_5p	CCCTCAC	NA
Mir-430_5p	CTCAAAA	NA
Mir-430_5p	CTCAAAC	NA
Mir-430_5p	CTCCAAA	NA
Mir-430_5p	CTCTAAC	NA
Mir-430_5p	CTCTAGA	NA
Mir-430_5p	CTGAAAA	NA
Mir-430_5p	CTGACAA	NA
Mir-430_5p	CTTTAAC	NA
Mir-430_5p	GCTTTAA	NA
Mir-430_5p	GGCCTAA	NA
Mir-430_5p	TACAAAG	NA
Mir-430_5p	TCCAGAG	NA
Mir-430_5p	TCCTAAC	NA
Mir-430_5p	TCTAGAG	NA
Mir-430_5p	TCTCCAA	NA
Mir-430_5p	TCTCGAG	NA
Mir-430_5p	TCTGGAG	NA
Mir-430_5p	TCTTGAG	NA
Mir-430_5p	TGCAAAG	NA
Mir-430_5p	TTCTAAC	NA
Mir-431_3p	NA	AGGTCGC
Mir-431_3p	NA	AGGTCGT
Mir-431_5p	GTCTTGC	NA
Mir-432_5p	CTTGGAG	NA
Mir-433_3p	NA	TCATGAT
Mir-433_5p	ACGGTGA	NA
Mir-4424_3p	NA	TCCATTT
Mir-448_3p	NA	TGCACAT
Mir-448_3p	NA	TGCATAT
Mir-448_5p	AACATCC	NA
Mir-450_3p	NA	TTGGGAA
Mir-450_5p	TTTGCAA	NA
Mir-450_5p	TTTGCAG	NA
Mir-450_5p	TTTGCGA	NA
Mir-450_5p	TTTGTGA	NA
Mir-451_5p	AACCGTT	NA
Mir-4524_3p	NA	GAGACAG
Mir-452_3p	NA	CAGTCTC
Mir-452_5p	ACTGTTT	NA
Mir-4541_3p	NA	ATATTTA
Mir-4542_3p	NA	CAAGTGC
Mir-4543_5p	ATAGGTC	NA
Mir-4544_5p	ACCCTAT	NA
Mir-4545_3p	NA	ACAGCAT
Mir-455_3p	NA	GCAGTCC
Mir-455_5p	ATGTGCC	NA
Mir-456_3p	NA	AGGCTGG
Mir-4571_3p	NA	GTGTGTG
Mir-458_3p	NA	TAGCTCT
Mir-459_3p	NA	AGGAGAA
Mir-459_3p	NA	CGGAGAG
Mir-459_3p	NA	GGAGAAT
Mir-459_3p	NA	GGGAGGG
Mir-459_5p	CAGTAAC	NA
Mir-460_3p	NA	ACAGCGC
Mir-460_3p	NA	CAGCGCA
Mir-460_5p	CCTCATT	NA
Mir-460_5p	CCTGCAT	NA
Mir-460_5p	CTCATTG	NA
Mir-460_5p	CTGCATT	NA
Mir-4637_3p	NA	ACTAACT
Mir-4661_5p	ACTAGCT	NA
Mir-4662_5p	TAGCCAA	NA
Mir-4664_3p	NA	TTCCGGT
Mir-4664_5p	GGGGTGC	NA
Mir-4677_3p	NA	CTGTGAG
Mir-4731_3p	NA	ACACAAG
Mir-4731_5p	GCTGGGG	NA
Mir-4766_3p	NA	CAGCAAT
Mir-4766_3p	NA	TAGCAAT
Mir-4766_5p	CTGAAAG	NA
Mir-4806_5p	ACTTACC	NA
Mir-4808_3p	NA	AGCTCTA
Mir-4813_3p	NA	TCAATAT
Mir-4813_5p	GACTATC	NA
Mir-4813_5p	GGCTTTC	NA
Mir-4814_3p	NA	GGGCAAA
Mir-4818_3p	NA	ATTGCAC
Mir-4818_3p	NA	TTGCACT
Mir-4819_5p	CTTGGAC	NA
Mir-4820_3p	NA	GAGCTTC
Mir-4823_3p	NA	CCAGTTT
Mir-4824_5p	AACTTAC	NA
Mir-4825_3p	NA	CACACCT
Mir-4826_5p	ATCCGAT	NA
Mir-4828_3p	NA	GTAAATA
Mir-4828_3p	NA	GTAAATG
Mir-4829_3p	NA	GTACTCT
Mir-4829_3p	NA	GTACTTT
Mir-4830_5p	CTCTTGA	NA
Mir-4831_3p	NA	TCGGCAA
Mir-4835_3p	NA	CAAGCAG
Mir-4838_3p	NA	GCTCCTG
Mir-4839_5p	AAGTTTT	NA
Mir-483_3p	NA	ACTCCTC
Mir-483_3p	NA	CACTCCT
Mir-483_5p	AGACGGG	NA
Mir-483_5p	GGACGGG	NA
Mir-4847_5p	AATGATG	NA
Mir-4857_5p	CGATGTT	NA
Mir-4859_3p	NA	GACAGTA
Mir-4859_5p	GCAGCGA	NA
Mir-4860_3p	NA	GTAGAGA
Mir-4861_3p	NA	TTTACGT
Mir-4862_5p	CGCGTTT	NA
Mir-4863_3p	NA	GGGCCAT
Mir-4864_3p	NA	AGCCAGA
Mir-4865_3p	NA	GTAGAGA
Mir-4866_5p	CACACTT	NA
Mir-4869_5p	CGATGTT	NA
Mir-486_5p	CCTGTAC	NA
Mir-4871_3p	NA	TTGGCAC
Mir-4872_3p	NA	TCGACTC
Mir-4872_3p	NA	TGATATA
Mir-4872_5p	GCCGGGA	NA
Mir-4872_5p	GCCGGGG	NA
Mir-4872_5p	GCTGAGG	NA
Mir-4872_5p	GCTGGGG	NA
Mir-4872_5p	GTCAGGA	NA
Mir-4872_5p	TACGGGG	NA
Mir-4872_5p	TGCCGGG	NA
Mir-4872_5p	TGCGGGG	NA
Mir-4873_5p	GTTCCCA	NA
Mir-4874_3p	NA	TGGCTGG
Mir-4874_5p	GTTTGTA	NA
Mir-4876_3p	NA	TTACGTG
Mir-4879_5p	AAACTAT	NA
Mir-4880_5p	TTGCTAT	NA
Mir-4881_3p	NA	CTATTTG
Mir-4886_3p	NA	TTGCCGA
Mir-4887_5p	TCTCGAT	NA
Mir-4888_5p	GCAGAGC	NA
Mir-488_3p	NA	TGAAAGG
Mir-4891_3p	NA	GTAACAG
Mir-4891_3p	NA	GTACCAG
Mir-489_3p	NA	ATGACAC
Mir-489_3p	NA	GACATCA
Mir-489_3p	NA	TGACATC
Mir-490_3p	NA	AACCTGG
Mir-490_5p	CATGGAT	NA
Mir-491_5p	GTGGGGA	NA
Mir-493_3p	NA	GAAGGTC
Mir-493_5p	TGTACAC	NA
Mir-493_5p	TGTACAT	NA
Mir-493_5p	TGTATGT	NA
Mir-4969_5p	GGTAAAT	NA
Mir-4983_3p	NA	AAATTCT
Mir-498_5p	TTCAAGC	NA
Mir-499_3p	NA	ACATCAC
Mir-499_5p	TAAGACT	NA
Mir-5045_3p	NA	AGAGATA
Mir-5045_5p	GTCTAAA	NA
Mir-504_5p	GACCCTG	NA
Mir-505_3p	NA	ATCAACA
Mir-505_3p	NA	GTCAACA
Mir-505_5p	GGAGCCA	NA
Mir-506_3p	NA	AAAGCCA
Mir-506_3p	NA	AAAGGTG
Mir-506_3p	NA	AACTGCA
Mir-506_3p	NA	AAGACAC
Mir-506_3p	NA	AAGACAT
Mir-506_3p	NA	AAGACGC
Mir-506_3p	NA	ACCAAGA
Mir-506_3p	NA	ACCAAGG
Mir-506_3p	NA	ACTCCAT
Mir-506_3p	NA	ACTGAGG
Mir-506_3p	NA	ACTGGCT
Mir-506_3p	NA	ACTGTGG
Mir-506_3p	NA	ACTGTGT
Mir-506_3p	NA	ACTGTTC
Mir-506_3p	NA	ACTGTTT
Mir-506_3p	NA	AGAAACC
Mir-506_3p	NA	AGTGCGC
Mir-506_3p	NA	ATCAGGG
Mir-506_3p	NA	ATCAGTG
Mir-506_3p	NA	ATGGCAC
Mir-506_3p	NA	ATGGTAC
Mir-506_3p	NA	CATGACA
Mir-506_3p	NA	CTGGCAC
Mir-506_3p	NA	CTGTCAC
Mir-506_3p	NA	GAAAGAT
Mir-506_3p	NA	GAATGGC
Mir-506_3p	NA	GACTGAA
Mir-506_3p	NA	GACTGGC
Mir-506_3p	NA	GAGAGAT
Mir-506_3p	NA	GATAGAC
Mir-506_3p	NA	GATTAAC
Mir-506_3p	NA	GATTGAA
Mir-506_3p	NA	GATTGAC
Mir-506_3p	NA	GATTGCA
Mir-506_3p	NA	GATTGGC
Mir-506_3p	NA	GATTGGT
Mir-506_3p	NA	GATTGTA
Mir-506_3p	NA	GATTGTC
Mir-506_3p	NA	TAACCGC
Mir-506_3p	NA	TAAGGCA
Mir-506_3p	NA	TTGACAC
Mir-506_3p	NA	TTGGCAC
Mir-506_3p	NA	TTGGCAT
Mir-506_3p	NA	TTGGTAC
Mir-506_3p	NA	TTGTCAC
Mir-506_3p	NA	TTGTCGC
Mir-506_3p	NA	TTTGCAC
Mir-506_5p	AACTCCA	NA
Mir-506_5p	ACCCCAA	NA
Mir-506_5p	ACCTAAT	NA
Mir-506_5p	ACGTAGT	NA
Mir-506_5p	ACTCAAA	NA
Mir-506_5p	ACTCAAG	NA
Mir-506_5p	ACTCAGG	NA
Mir-506_5p	ACTCAGT	NA
Mir-506_5p	ACTCCAG	NA
Mir-506_5p	ACTCCGG	NA
Mir-506_5p	ACTTAGG	NA
Mir-506_5p	ACTTCAC	NA
Mir-506_5p	ACTTCAG	NA
Mir-506_5p	ACTTGGA	NA
Mir-506_5p	ATCTAGT	NA
Mir-506_5p	ATTCAGA	NA
Mir-506_5p	ATTCAGG	NA
Mir-506_5p	ATTTAGA	NA
Mir-506_5p	CTTCACC	NA
Mir-506_5p	TCACAAG	NA
Mir-506_5p	TCACAGG	NA
Mir-506_5p	TCATAGG	NA
Mir-506_5p	TCCCCAA	NA
Mir-506_5p	TCTCAAG	NA
Mir-506_5p	TCTTGGA	NA
Mir-511_3p	NA	ATGTGTA
Mir-511_5p	GTGTCTT	NA
Mir-511_5p	TTGTCTT	NA
Mir-52_5p	ACCCGTA	NA
Mir-5305_3p	NA	GGGCTTG
Mir-5305_3p	NA	TGGGCTT
Mir-5308_3p	NA	ATACGTC
Mir-5308_5p	CTGTGCT	NA
Mir-5315_5p	ACACAAC	NA
Mir-5342_3p	NA	AATATCA
Mir-5345_5p	AGGCACT	NA
Mir-5347_3p	NA	GACGGTG
Mir-5350_3p	NA	TTGGCAC
Mir-5350_5p	CGGGTAT	NA
Mir-5353_3p	NA	CATTGCG
Mir-5355_5p	GAACACC	NA
Mir-5357_3p	NA	ATGGACA
Mir-5359_5p	CTGGGAT	NA
Mir-5360_5p	CGAATCG	NA
Mir-5361_3p	NA	AAGCTTC
Mir-5361_5p	GGGATAT	NA
Mir-5363_5p	TGGGCAA	NA
Mir-5364_3p	NA	GAGGTAT
Mir-5396_5p	CACACAA	NA
Mir-5396_5p	CGCACAA	NA
Mir-5397_5p	ACGCAGA	NA
Mir-5399_3p	NA	TGCAAGA
Mir-5402_5p	CTTCTCT	NA
Mir-5405_5p	GTTTTAT	NA
Mir-5406_5p	TTTAGAC	NA
Mir-5407_5p	TTCGGAT	NA
Mir-5408_5p	TATCTCC	NA
Mir-540_3p	NA	GGTCAGA
Mir-5412_5p	AGGGTCC	NA
Mir-5417_3p	NA	CATCCCA
Mir-541_3p	NA	GGTGGGC
Mir-541_5p	AAGGATT	NA
Mir-541_5p	AGGGATT	NA
Mir-5426_3p	NA	AGGAAGT
Mir-5426_5p	ACTCTAA	NA
Mir-542_3p	NA	GTGACAG
Mir-5435_3p	NA	AGGAATT
Mir-5435_5p	ATGACCT	NA
Mir-5436_5p	GCTCGCT	NA
Mir-544_3p	NA	TTCTGCA
Mir-544_5p	CTTGGTA	NA
Mir-544_5p	CTTGTTA	NA
Mir-544_5p	TTGTTAA	NA
Mir-5452_5p	GGCCCTC	NA
Mir-54_3p	NA	ACCCGTA
Mir-54_5p	CATGTTG	NA
Mir-550_3p	NA	GTCTTAC
Mir-550_5p	GTGCCTG	NA
Mir-551_3p	NA	CGACCCA
Mir-551_5p	AAACCAA	NA
Mir-551_5p	AAATCAA	NA
Mir-551_5p	AAGTCAA	NA
Mir-552_3p	NA	ACAGGTG
Mir-552_5p	GTTTAAC	NA
Mir-556_3p	NA	TATTACC
Mir-556_5p	ATGAGCT	NA
Mir-5579_5p	ATGGTAC	NA
Mir-5581_3p	NA	TCCATGC
Mir-5581_5p	CCTTCCA	NA
Mir-5586_5p	TATCCAG	NA
Mir-5594_3p	NA	TTGAACT
Mir-5594_5p	AGAGTAC	NA
Mir-5600_5p	CGAAACC	NA
Mir-561_5p	TCAAGGA	NA
Mir-5621_3p	NA	GGGCCCT
Mir-5626_3p	NA	AGCAGTT
Mir-5683_5p	ACAGATG	NA
Mir-5687_3p	NA	TAGAACG
Mir-5687_5p	TGACTCT	NA
Mir-5735_3p	NA	GGACAAC
Mir-574_3p	NA	ACGCTCA
Mir-574_5p	GAGTGTG	NA
Mir-576_5p	TTCTAAT	NA
Mir-577_5p	TAGATAA	NA
Mir-579_3p	NA	TCATTTG
Mir-580_3p	NA	TGAGAAT
Mir-582_3p	NA	AACCGGC
Mir-582_3p	NA	ACCGGTT
Mir-582_3p	NA	ACCTGTT
Mir-582_3p	NA	ACTGGTT
Mir-582_5p	TACAGTT	NA
Mir-584_5p	TATGGTT	NA
Mir-585_3p	NA	GGGCGTA
Mir-589_5p	GAGAACC	NA
Mir-590_3p	NA	AATTTTA
Mir-590_3p	NA	ACTTTTA
Mir-590_3p	NA	AGTTTTA
Mir-590_3p	NA	CGTTTTA
Mir-592_5p	TGTGTCA	NA
Mir-598_3p	NA	ACGTCAT
Mir-599_3p	NA	TGTGTCA
Mir-599_3p	NA	TTGTGTC
Mir-599_5p	TTGATAA	NA
Mir-59_3p	NA	CGAATCG
Mir-6012_3p	NA	TCGGCGA
Mir-6012_5p	GGCTGAC	NA
Mir-605_3p	NA	GAAGGCA
Mir-6119_5p	GAGGTAA	NA
Mir-615_3p	NA	CCGAGCC
Mir-616_5p	CTCAAAA	NA
Mir-624_3p	NA	ACACAAG
Mir-624_5p	AGTACCA	NA
Mir-628_3p	NA	CTAGTAA
Mir-628_5p	TGCTGAC	NA
Mir-629_5p	GGGTTTA	NA
Mir-62_3p	NA	GATATGT
Mir-6301_3p	NA	CAGTTCA
Mir-6302_3p	NA	AAACTCA
Mir-6304_5p	TTCCAGT	NA
Mir-6305_5p	TATGCTA	NA
Mir-6307_3p	NA	AAGCTCG
Mir-6324_5p	GCTCTGC	NA
Mir-6329_5p	ATGTGAC	NA
Mir-63_3p	NA	ATGACAC
Mir-642_5p	TCCCTCT	NA
Mir-64_3p	NA	CTACCGG
Mir-64_3p	NA	GGACCGC
Mir-64_5p	ATGACAC	NA
Mir-651_5p	TTAGAAT	NA
Mir-651_5p	TTAGGAT	NA
Mir-6525_5p	TGGGGAA	NA
Mir-6529_5p	AGAGATC	NA
Mir-652_3p	NA	ATGGCGC
Mir-653_3p	NA	CACTGGA
Mir-653_3p	NA	TCACTGG
Mir-653_5p	GTTGAAA	NA
Mir-653_5p	TGAAACA	NA
Mir-666_3p	NA	GCTGCAG
Mir-666_5p	GCGGGCA	NA
Mir-667_3p	NA	GACACCT
Mir-670_3p	NA	TTCCTCA
Mir-670_5p	TCCTGAG	NA
Mir-6715_3p	NA	CAAACCA
Mir-6715_5p	CAGGCAC	NA
Mir-6715_5p	CAGGCCG	NA
Mir-671_3p	NA	CCGGTTC
Mir-671_3p	NA	CCTACGC
Mir-671_5p	GGAAGCC	NA
Mir-672_5p	GAGGTTG	NA
Mir-673_3p	NA	CCGGGAC
Mir-673_5p	TCACAGC	NA
Mir-674_3p	NA	ACAGCTC
Mir-674_5p	CACTGAG	NA
Mir-675_3p	NA	TGTATGC
Mir-675_5p	GGAGCGG	NA
Mir-676_3p	NA	CGTCCTA
Mir-676_3p	NA	CGTCCTG
Mir-676_3p	NA	CGTCCTT
Mir-676_3p	NA	TGTCCTA
Mir-67_3p	NA	ACAACCT
Mir-67_3p	NA	CACAACC
Mir-67_5p	ACTCATT	NA
Mir-67_5p	CCTTATT	NA
Mir-67_5p	CTCACTC	NA
Mir-700_3p	NA	ACGCAGG
Mir-700_3p	NA	ACGCGGG
Mir-700_5p	AAGGCTC	NA
Mir-701_5p	TAGCCGC	NA
Mir-70_3p	NA	AATACGT
Mir-7132_3p	NA	GAGAGGT
Mir-7132_3p	NA	GAGATGT
Mir-7132_3p	NA	GAGGCGT
Mir-7132_5p	ACTTGGT	NA
Mir-7133_3p	NA	AGTTTGA
Mir-7133_5p	ATGCTGA	NA
Mir-7133_5p	ATGTTGA	NA
Mir-7147_5p	GTACCAT	NA
Mir-7148_5p	ATGGAAA	NA
Mir-7149_3p	NA	TCCAAGT
Mir-7151_3p	NA	CTACAGG
Mir-7151_5p	ATCCATC	NA
Mir-7170_5p	GGACTGC	NA
Mir-7172_5p	GGCCTCT	NA
Mir-7174_5p	GGAGTGA	NA
Mir-7179_3p	NA	CAGGAAC
Mir-7179_5p	TACGTGA	NA
Mir-7180_3p	NA	GGCCTCT
Mir-7180_3p	NA	GTGGCCT
Mir-7181_3p	NA	GGAGCCA
Mir-7184_3p	NA	GAGCCTT
Mir-7189_3p	NA	ATGTTCT
Mir-7189_5p	CGTGCTG	NA
Mir-71_3p	NA	ATCACTA
Mir-71_3p	NA	CCTTCTA
Mir-71_3p	NA	CTCACTA
Mir-71_3p	NA	GTGTTAA
Mir-71_3p	NA	TCACTAC
Mir-71_3p	NA	TCATTAT
Mir-71_3p	NA	TCTATAT
Mir-71_3p	NA	TCTCACT
Mir-71_5p	ATGAAAG	NA
Mir-71_5p	GAAAGAC	NA
Mir-7205_3p	NA	CTCTGAC
Mir-7205_5p	CGAGGGG	NA
Mir-7208_3p	NA	GCAAAGC
Mir-7208_5p	AACTGAG	NA
Mir-7211_3p	NA	GGAGTGA
Mir-7220_3p	NA	CAGGAAC
Mir-722_3p	NA	TTTGCAG
Mir-723_3p	NA	GACATCA
Mir-7244_5p	ATGGGAA	NA
Mir-7246_3p	NA	TGGAAAC
Mir-7247_3p	NA	CGCGACA
Mir-7248_5p	ATAGAGC	NA
Mir-724_5p	TAAAGGG	NA
Mir-7251_5p	CTAAGCT	NA
Mir-7254_5p	CACCACC	NA
Mir-7257_3p	NA	TGAAAGT
Mir-725_3p	NA	TCAGTCA
Mir-7262_3p	NA	AAAACCG
Mir-7262_3p	NA	AAAACGG
Mir-7262_3p	NA	AAATGCA
Mir-7262_3p	NA	AACTGCA
Mir-7262_3p	NA	AACTGCT
Mir-7262_3p	NA	AACTGGA
Mir-7262_3p	NA	AACTGTG
Mir-7262_3p	NA	ACAACGG
Mir-7262_3p	NA	TCAAGCA
Mir-726_3p	NA	TCACCAC
Mir-726_3p	NA	TCACTAC
Mir-7270_5p	AAGATCA	NA
Mir-7275_3p	NA	GAATGTG
Mir-7277_3p	NA	GGGGCAG
Mir-727_3p	NA	GAGGCGA
Mir-727_3p	NA	TGAGGCG
Mir-727_5p	CAGTCTT	NA
Mir-7281_5p	AATAGGC	NA
Mir-7284_3p	NA	TACCAAC
Mir-7286_3p	NA	ATTTTAG
Mir-7289_5p	GAGCAGC	NA
Mir-728_3p	NA	ATACTAA
Mir-728_3p	NA	TACTAAG
Mir-728_5p	AATGTAG	NA
Mir-7292_3p	NA	TGCTAGG
Mir-7292_5p	AGGAAGG	NA
Mir-7293_3p	NA	CGCTGGG
Mir-7296_3p	NA	AAGATGA
Mir-7298_5p	CAAGTTA	NA
Mir-729_3p	NA	ATGGGTA
Mir-7301_5p	TCCTAAT	NA
Mir-7303_3p	NA	AGGCGTC
Mir-7303_3p	NA	TATGCGT
Mir-7303_5p	CATCCAA	NA
Mir-7304_3p	NA	ATGGGGT
Mir-7307_3p	NA	AAATGGT
Mir-7307_5p	GTTCAGA	NA
Mir-7309_3p	NA	CAATGTG
Mir-7313_3p	NA	CTGAACA
Mir-7319_3p	NA	AAGTTGG
Mir-7323_5p	TACAGAA	NA
Mir-7327_3p	NA	GCGATTT
Mir-732_3p	NA	TCAAAGC
Mir-7332_3p	NA	CTGAATC
Mir-7333_3p	NA	CTGTTGC
Mir-7336_3p	NA	CGCACAC
Mir-7336_5p	GTGGATG	NA
Mir-7344_5p	AGTCTCT	NA
Mir-734_3p	NA	AAATGCT
Mir-7357_5p	ATGGAGT	NA
Mir-7358_5p	GCGAAAG	NA
Mir-7359_5p	AGAATGT	NA
Mir-7360_3p	NA	TATTGTA
Mir-7360_5p	ACATTCT	NA
Mir-7360_5p	CCATTCT	NA
Mir-7361_3p	NA	TCACTCT
Mir-7363_3p	NA	TACCCAA
Mir-7365_5p	GAATCGA	NA
Mir-7368_3p	NA	CACCAGC
Mir-7368_5p	GAGTAGG	NA
Mir-7370_3p	NA	AGGGATA
Mir-7370_5p	TTCACAC	NA
Mir-7371_3p	NA	AAAGAGC
Mir-7371_3p	NA	AAAGAGG
Mir-7371_3p	NA	AACGAGC
Mir-7371_3p	NA	AAGAAGG
Mir-7371_3p	NA	AAGAAGT
Mir-7371_3p	NA	AAGAGCA
Mir-7371_3p	NA	AAGGACC
Mir-7371_3p	NA	AAGTAAC
Mir-7371_3p	NA	AAGTCAC
Mir-7371_3p	NA	AAGTTGC
Mir-7371_3p	NA	AATAAGG
Mir-7371_3p	NA	AATGAGC
Mir-7371_3p	NA	AATGAGG
Mir-7371_3p	NA	AATGTTG
Mir-7371_3p	NA	ACGTTGC
Mir-7371_3p	NA	AGAGCAT
Mir-7371_3p	NA	AGGAATA
Mir-7371_3p	NA	AGGTACT
Mir-7371_3p	NA	AGTCACA
Mir-7371_3p	NA	AGTCATG
Mir-7371_3p	NA	AGTCCCA
Mir-7371_3p	NA	AGTGGTG
Mir-7371_3p	NA	AGTTGTA
Mir-7371_3p	NA	ATAAACA
Mir-7371_3p	NA	ATAAATT
Mir-7371_3p	NA	ATAATTT
Mir-7371_3p	NA	ATAGACA
Mir-7371_3p	NA	GAAGAGC
Mir-7371_3p	NA	GAAGCGA
Mir-7371_3p	NA	GTAAGGG
Mir-7371_3p	NA	GTCGTCA
Mir-7371_3p	NA	TAAGGAC
Mir-7371_3p	NA	TAATCAC
Mir-7371_3p	NA	TAGAGCA
Mir-7371_3p	NA	TAGTCCC
Mir-7371_3p	NA	TGATACA
Mir-7371_5p	ACGTGGA	NA
Mir-7371_5p	ACTTGGA	NA
Mir-7371_5p	ATTGTAC	NA
Mir-7371_5p	CCTTGTA	NA
Mir-7371_5p	CCTTTGT	NA
Mir-7371_5p	CTCGGAT	NA
Mir-7371_5p	CTCTGGA	NA
Mir-7371_5p	CTTGGAT	NA
Mir-7371_5p	CTTTGTA	NA
Mir-7371_5p	GCTGGAT	NA
Mir-7371_5p	GCTGTAC	NA
Mir-7371_5p	TCTGATA	NA
Mir-7371_5p	TCTGGAC	NA
Mir-7371_5p	TTTGGAC	NA
Mir-7371_5p	TTTGTAC	NA
Mir-7373_3p	NA	AAAGAGA
Mir-7373_3p	NA	AAGGAGA
Mir-7373_3p	NA	AATATAA
Mir-7373_3p	NA	AGACAGA
Mir-7373_3p	NA	AGAGTGG
Mir-7373_3p	NA	AGCAATA
Mir-7373_3p	NA	AGGCACT
Mir-7373_3p	NA	AGGGCGG
Mir-7373_3p	NA	AGGGTGG
Mir-7373_3p	NA	AGTGACT
Mir-7373_3p	NA	CAGCTAC
Mir-7373_3p	NA	CTGCTGC
Mir-7373_3p	NA	GGTAGAG
Mir-7373_3p	NA	GTTAGAG
Mir-7373_3p	NA	GTTAGGG
Mir-7373_3p	NA	TTGGGTG
Mir-7373_5p	AGCCCTT	NA
Mir-7376_3p	NA	AGCTCGC
Mir-7377_3p	NA	CATCCTG
Mir-7378_3p	NA	CCCTTAG
Mir-7378_5p	TGGGACA	NA
Mir-7378_5p	TGGGGCA	NA
Mir-7379_3p	NA	CTGGATG
Mir-737_3p	NA	AGTCAAA
Mir-737_5p	TTTTCTT	NA
Mir-737_5p	TTTTTTT	NA
Mir-7382_3p	NA	ACTAGGG
Mir-7383_3p	NA	AGAGGCT
Mir-7383_5p	AAGGTAC	NA
Mir-7385_3p	NA	AAAGTAG
Mir-7385_3p	NA	AACACAG
Mir-7385_3p	NA	AACATAG
Mir-7385_3p	NA	AACTTAG
Mir-7385_3p	NA	AATATAG
Mir-7385_3p	NA	ACCTTGG
Mir-7385_3p	NA	AGCACAG
Mir-7385_3p	NA	AGCATAG
Mir-7385_5p	AGTCTGA	NA
Mir-7391_5p	CGTGGTA	NA
Mir-7392_3p	NA	AGCCTCA
Mir-7392_5p	ACGAGTA	NA
Mir-7393_3p	NA	GTGACCT
Mir-7394_3p	NA	GTGACCT
Mir-7394_5p	ATGTGTG	NA
Mir-7395_3p	NA	TGACCAG
Mir-7397_3p	NA	GACCAAG
Mir-7397_5p	ATCTGTA	NA
Mir-7398_3p	NA	AAATCCT
Mir-7398_3p	NA	AAATTCT
Mir-7398_3p	NA	AAATTTC
Mir-7398_3p	NA	AACCCTC
Mir-7398_3p	NA	AACCTTC
Mir-7398_3p	NA	AACCTTT
Mir-7398_3p	NA	AACGCAC
Mir-7398_3p	NA	AAGTTTC
Mir-7398_3p	NA	AATTCAC
Mir-7398_3p	NA	AATTCTC
Mir-7398_3p	NA	AATTTAT
Mir-7398_3p	NA	ATCTCAC
Mir-7398_3p	NA	TAAATCC
Mir-7398_5p	GTAGAGA	NA
Mir-7398_5p	GTGTAGA	NA
Mir-7398_5p	GTGTGGA	NA
Mir-7398_5p	GTTGAGA	NA
Mir-7398_5p	TCGTAGA	NA
Mir-7398_5p	TGTGTAG	NA
Mir-73_3p	NA	GGCAAGA
Mir-73_3p	NA	GGCAGTG
Mir-73_5p	GGACTTC	NA
Mir-7406_3p	NA	CGGTACC
Mir-7414_3p	NA	GGTCTTG
Mir-7416_3p	NA	CTATCTG
Mir-7419_3p	NA	GTTTAGA
Mir-7422_3p	NA	ACCTCTG
Mir-7423_3p	NA	GGACAAG
Mir-7428_3p	NA	CTGATTG
Mir-7428_5p	AAATCAG	NA
Mir-7432_3p	NA	GGACAGA
Mir-7433_3p	NA	TGATGAT
Mir-7435_5p	GGGATTT	NA
Mir-7441_5p	TGAGGAG	NA
Mir-744_5p	GCGGGGC	NA
Mir-7462_5p	AACCTCA	NA
Mir-7463_3p	NA	TTACTTT
Mir-7463_5p	GAGTCTC	NA
Mir-750_3p	NA	CAGATCT
Mir-7579_3p	NA	GAGGACC
Mir-7580_3p	NA	AACCCAA
Mir-7583_3p	NA	CATCCGA
Mir-7583_5p	GCTGCAA	NA
Mir-7583_5p	GTTGCAA	NA
Mir-7584_5p	GAGATAC	NA
Mir-7585_3p	NA	GAGATAC
Mir-7586_3p	NA	GGAATCC
Mir-7587_5p	CTAGAAT	NA
Mir-7588_3p	NA	AAACCGA
Mir-7589_3p	NA	GGAAATG
Mir-7590_3p	NA	CACCATT
Mir-7590_5p	GGTCTTA	NA
Mir-7591_3p	NA	ATCGGTA
Mir-7593_3p	NA	GAGGTAT
Mir-7594_3p	NA	GAGGTAG
Mir-7595_5p	ACCCGTT	NA
Mir-7595_5p	ACCCTAC	NA
Mir-7596_5p	GGAATGG	NA
Mir-760_3p	NA	GGCTCTG
Mir-7643_5p	TGACTGA	NA
Mir-7647_3p	NA	AGTCCAG
Mir-766_3p	NA	CTCCAGC
Mir-769_5p	AAGACCT	NA
Mir-769_5p	GAGACCT	NA
Mir-769_5p	GAGGCCT	NA
Mir-76_3p	NA	TCGTTGT
Mir-76_5p	CGGGTTT	NA
Mir-770_3p	NA	TGGGCCT
Mir-770_5p	CCAGTAC	NA
Mir-770_5p	GCACCAC	NA
Mir-77_3p	NA	TCATCAG
Mir-784_5p	GGCACAA	NA
Mir-7854_3p	NA	GAGGTGA
Mir-7858_5p	AGGATTT	NA
Mir-7859_3p	NA	AAAACTG
Mir-785_3p	NA	AAGTGAA
Mir-7861_5p	CACTCAG	NA
Mir-7862_5p	ACAGCTC	NA
Mir-787_3p	NA	AAGCTCG
Mir-788_3p	NA	AATGGGA
Mir-788_3p	NA	GAAATGG
Mir-789_5p	ACGTGGT	NA
Mir-789_5p	ATTGATG	NA
Mir-791_3p	NA	TTGGCAC
Mir-791_5p	TGGTCTG	NA
Mir-792_3p	NA	TGAAATC
Mir-794_5p	GAGGTAA	NA
Mir-796_5p	GGAATGT	NA
Mir-799_3p	NA	GAACCCT
Mir-7_3p	NA	AACAAAT
Mir-7_5p	GGAAGAC	NA
Mir-800_3p	NA	CCAAACT
Mir-800_5p	GACAATT	NA
Mir-8160_5p	GAATAAT	NA
Mir-85_3p	NA	ACAAAGT
Mir-86_5p	AAGTGAA	NA
Mir-872_3p	NA	GAACTAT
Mir-872_5p	AGGTTAC	NA
Mir-873_3p	NA	AGACTGA
Mir-873_5p	GCAGGAA	NA
Mir-874_3p	NA	TGCCCTG
Mir-875_5p	ATACCTC	NA
Mir-876_3p	NA	GGTGGTT
Mir-877_5p	TAGAGGA	NA
Mir-879_5p	GAGGCTT	NA
Mir-87_3p	NA	TGAGCAA
Mir-87_5p	CACTTGG	NA
Mir-87_5p	CGCCTGA	NA
Mir-8859_3p	NA	GGATCGG
Mir-8859_5p	CCGCGCC	NA
Mir-885_3p	NA	GGCAGCG
Mir-885_5p	CCACTAC	NA
Mir-885_5p	CCATTAC	NA
Mir-887_3p	NA	TGAACGG
Mir-887_5p	CCTTGGG	NA
Mir-8902_5p	ATCCATT	NA
Mir-8908_3p	NA	AACAGTG
Mir-8908_3p	NA	ACGAGTA
Mir-8908_3p	NA	AGTGACT
Mir-8908_3p	NA	ATTAGCA
Mir-8908_3p	NA	ATTAGGA
Mir-8908_3p	NA	ATTAGTT
Mir-8908_3p	NA	TAGCGCC
Mir-8908_3p	NA	TTAGCAT
Mir-8908_3p	NA	TTAGCGC
Mir-8908_3p	NA	TTAGGAC
Mir-8908_5p	ATCCAGA	NA
Mir-8908_5p	ATTCAGG	NA
Mir-8908_5p	GCATAGG	NA
Mir-8_3p	NA	AACACTG
Mir-8_3p	NA	AATACTG
Mir-8_5p	ATCATAC	NA
Mir-90_3p	NA	GATATGT
Mir-927_3p	NA	AAAGCGT
Mir-927_5p	TTAGAAT	NA
Mir-927_5p	TTTAGAA	NA
Mir-929_5p	AATTGAC	NA
Mir-929_5p	ATTGACT	NA
Mir-92_3p	NA	ACTGCAC
Mir-92_3p	NA	ATTGCAC
Mir-92_3p	NA	ATTGCTC
Mir-92_5p	AAGGCAA	NA
Mir-92_5p	GGACGGG	NA
Mir-92_5p	GGTTGGG	NA
Mir-92_5p	GTCCGTG	NA
Mir-932_3p	NA	GCAAGCA
Mir-932_5p	CAATTCC	NA
Mir-934_3p	NA	AGTCTTC
Mir-934_5p	GTCTACT	NA
Mir-935_3p	NA	AGTTACC
Mir-9369_3p	NA	TACATAT
Mir-9388_3p	NA	GTAGTAC
Mir-9414_5p	ACTTGAT	NA
Mir-9421_3p	NA	TGCGTAT
Mir-9422_3p	NA	GACAGAA
Mir-9424_3p	NA	AAAGCTG
Mir-9424_3p	NA	ATAGTTG
Mir-9425_5p	AGAACAC	NA
Mir-9435_3p	NA	GCTAGAG
Mir-9442_5p	ATATCAG	NA
Mir-944_3p	NA	AATTATT
Mir-9538_3p	NA	GAGATCA
Mir-9540_3p	NA	TCAGTGC
Mir-955_5p	ATCGTGC	NA
Mir-956_3p	NA	TTCGAGA
Mir-9572_3p	NA	ACAGCCT
Mir-9573_3p	NA	CAAAACT
Mir-9574_5p	TTCATCT	NA
Mir-9576_3p	NA	TTTTATA
Mir-9578_5p	GGGACAC	NA
Mir-9579_3p	NA	TCTCTTT
Mir-957_3p	NA	GAAACCG
Mir-9580_5p	ATGGGGA	NA
Mir-9581_3p	NA	ACGCCGA
Mir-9583_3p	NA	AACTTGT
Mir-9583_5p	AGCAGTC	NA
Mir-9584_3p	NA	AGCCTCA
Mir-9584_5p	TGTGACT	NA
Mir-9585_5p	ACCGATC	NA
Mir-9586_3p	NA	GGAGCTC
Mir-9586_5p	TGATCCT	NA
Mir-9587_3p	NA	CATGCGT
Mir-9587_5p	AGCAAAG	NA
Mir-9588_5p	CTCAGAT	NA
Mir-9589_3p	NA	CAGGTGG
Mir-9590_5p	GTGGTGC	NA
Mir-9592_3p	NA	TTTTGCC
Mir-9592_5p	ACCTTAT	NA
Mir-9593_3p	NA	GTCACTC
Mir-9593_5p	GGTGTAA	NA
Mir-9594_3p	NA	CTGTGCT
Mir-9594_5p	CAGTGTA	NA
Mir-9595_3p	NA	GTCCCGG
Mir-9595_5p	CTGCTAC	NA
Mir-9597_3p	NA	AAATATC
Mir-9598_3p	NA	AGTACTA
Mir-9599_3p	NA	TAATCTA
Mir-9599_5p	CTTTGCA	NA
Mir-959_3p	NA	TGTCATC
Mir-95_3p	NA	AAATCTT
Mir-95_3p	NA	AAGTCTT
Mir-95_3p	NA	TCAACAG
Mir-95_3p	NA	TCAACGG
Mir-95_3p	NA	TCAATGG
Mir-95_5p	CACAGTA	NA
Mir-95_5p	GGTCCTC	NA
Mir-9600_3p	NA	TGGCCAA
Mir-9600_5p	TTAGACA	NA
Mir-9602_5p	GGCAGCC	NA
Mir-9603_5p	GGGGCAC	NA
Mir-9605_3p	NA	GTTGTAC
Mir-9605_5p	GGAGTCA	NA
Mir-9606_3p	NA	CACTCTA
Mir-9606_5p	AAGGATT	NA
Mir-9607_3p	NA	AAGAGCA
Mir-9607_5p	TCTGTTC	NA
Mir-960_3p	NA	ATACAGT
Mir-960_5p	GAGTATT	NA
Mir-9613_3p	NA	CTGGCGT
Mir-9616_3p	NA	TGAGCTG
Mir-9619_3p	NA	TTTGCCT
Mir-9619_5p	ATTCCTT	NA
Mir-961_5p	TTGATCA	NA
Mir-9621_5p	CCCGTTG	NA
Mir-9622_3p	NA	CCGTCGG
Mir-9623_3p	NA	TACCTTT
Mir-9625_5p	TGTCGGA	NA
Mir-9627_3p	NA	AGCGTGG
Mir-962_5p	TAAGGTA	NA
Mir-9631_3p	NA	GTGAGAG
Mir-9631_5p	AGCCAGG	NA
Mir-9633_5p	GAGGATG	NA
Mir-9634_3p	NA	CCCCTGC
Mir-9634_5p	TTGTTCC	NA
Mir-9636_3p	NA	AAGTACC
Mir-9636_5p	GCAAAAC	NA
Mir-963_3p	NA	CATCTGT
Mir-963_5p	CAAGGTA	NA
Mir-9640_3p	NA	CAGATGG
Mir-9643_3p	NA	GCGGCCG
Mir-9644_5p	GGTGTGG	NA
Mir-9646_3p	NA	AGAACAC
Mir-9648_3p	NA	TGTAGAA
Mir-9648_5p	ATGCCAT	NA
Mir-964_5p	TAGAATA	NA
Mir-9650_3p	NA	ATTTCCT
Mir-9650_5p	CAGTGCA	NA
Mir-965_3p	NA	AAGCGTA
Mir-965_5p	GGGAGAA	NA
Mir-965_5p	GGGGAAA	NA
Mir-965_5p	GGGTCAA	NA
Mir-966_5p	GTGGGAT	NA
Mir-966_5p	GTGGGCT	NA
Mir-966_5p	GTGGGTT	NA
Mir-967_5p	GAGATAC	NA
Mir-967_5p	GATGATA	NA
Mir-9681_3p	NA	GAGGTAG
Mir-9681_5p	TTCGGAC	NA
Mir-9682_3p	NA	TCACTGG
Mir-9690_3p	NA	ATACGAA
Mir-9692_5p	TGTACAT	NA
Mir-9696_5p	GGCCCTT	NA
Mir-9698_5p	AACTCGA	NA
Mir-9699_3p	NA	GTTCCAT
Mir-969_3p	NA	ACTTGAC
Mir-969_5p	AGTTCCA	NA
Mir-96_3p	NA	AAAATTG
Mir-96_3p	NA	AGAATTC
Mir-96_3p	NA	GTGATTC
Mir-96_5p	ATGGCAC	NA
Mir-96_5p	ATTTGGC	NA
Mir-96_5p	TTGGCAA	NA
Mir-96_5p	TTGGCAC	NA
Mir-96_5p	TTTGGCA	NA
Mir-9701_5p	AGTGAAC	NA
Mir-9703_5p	ATTGCAT	NA
Mir-9707_5p	GCCAAGT	NA
Mir-970_3p	NA	CATAAGA
Mir-9717_3p	NA	TAAGCGG
Mir-971_3p	NA	TGGTGTT
Mir-971_5p	ACTCTAA	NA
Mir-971_5p	CACTCTA	NA
Mir-972_3p	NA	GTACAAT
Mir-973_3p	NA	CTGTTCA
Mir-973_5p	GGTTGGT	NA
Mir-974_3p	NA	ATAACTT
Mir-974_5p	AGCGAGC	NA
Mir-975_3p	NA	CAAGATG
Mir-975_3p	NA	CGGATGT
Mir-975_5p	AAACACT	NA
Mir-975_5p	TAAACAC	NA
Mir-976_3p	NA	GGATTAG
Mir-976_3p	NA	TGGATTA
Mir-976_5p	TTGGTGA	NA
Mir-977_3p	NA	GAGATAT
Mir-977_5p	CGATCAC	NA
Mir-978_3p	NA	GTCCAGT
Mir-978_3p	NA	TGTCCAG
Mir-982_3p	NA	ACATGTT
Mir-982_3p	NA	CTACACG
Mir-982_3p	NA	TATTGTT
Mir-982_5p	CCTGGAC	NA
Mir-983_3p	NA	TGAGTTC
Mir-983_5p	TAATACG	NA
Mir-984_5p	GAGGTAA	NA
Mir-9851_3p	NA	GGCACCA
Mir-9851_5p	GCCGGCA	NA
Mir-985_3p	NA	AAATGTT
Mir-986_5p	CTCGAAT	NA
Mir-987_5p	AAAGTAA	NA
Mir-988_3p	NA	CCCTTGT
Mir-989_3p	NA	GTGATGT
Mir-991_3p	NA	TAAAGCC
Mir-991_3p	NA	TAAAGTT
Mir-992_3p	NA	CCTTTTT
Mir-992_3p	NA	GTACACG
Mir-992_5p	AGTATCA	NA
Mir-992_5p	GGTATCA	NA
Mir-997_5p	CCAAACT	NA
Mir-999_3p	NA	GTTAACT
Mir-9_3p	NA	AAAGCTA
Mir-9_3p	NA	AAAGCTG
Mir-9_3p	NA	CTTTGGT
Mir-9_3p	NA	TAAAGCT
Mir-9_5p	CTTTGGT	NA
Mir-9_5p	TTTGGTA	NA
Novel-10_3p	NA	AAAATTT
Novel-10_3p	NA	AGGCTTA
Novel-10_3p	NA	ATGGTGC
Novel-10_3p	NA	CATAGAT
Novel-10_3p	NA	CCATGTG
Novel-10_3p	NA	GGTATTT
Novel-10_3p	NA	TCAGTCT
Novel-10_3p	NA	TGGCGGA
Novel-10_3p	NA	TGGGGGA
Novel-10_5p	CCAAATA	NA
Novel-10_5p	CCACTGT	NA
Novel-10_5p	CGTTGTA	NA
Novel-10_5p	GATCGGA	NA
Novel-10_5p	GGCAGCA	NA
Novel-10_5p	TGACAGT	NA
Novel-10_5p	TTCGAGG	NA
Novel-11_3p	NA	AAGCAGT
Novel-11_3p	NA	AGTCAGC
Novel-11_3p	NA	ATTCAAG
Novel-11_3p	NA	CCGCGAG
Novel-11_3p	NA	CTCCTGG
Novel-11_3p	NA	TGCTGAC
Novel-11_5p	AGCTCTT	NA
Novel-11_5p	CGCGCTT	NA
Novel-11_5p	CTACCCA	NA
Novel-11_5p	CTGACAT	NA
Novel-11_5p	GAGGTTT	NA
Novel-11_5p	GGTCATG	NA
Novel-11_5p	GGTTTTG	NA
Novel-11_5p	TAGTCGT	NA
Novel-12_3p	NA	ATTTGTT
Novel-12_3p	NA	CACTGCT
Novel-12_3p	NA	CTGAGAG
Novel-12_3p	NA	CTTTTGT
Novel-12_3p	NA	GAGACTG
Novel-12_3p	NA	TACGAAC
Novel-12_3p	NA	TTCATTA
Novel-12_3p	NA	TTTCCCC
Novel-12_5p	AAAGCTG	NA
Novel-12_5p	GGCTAAG	NA
Novel-12_5p	GGGAACA	NA
Novel-12_5p	TTATAAT	NA
Novel-12_5p	TTGGCAT	NA
Novel-13_3p	NA	ACGGGAG
Novel-13_3p	NA	ATGTTAA
Novel-13_3p	NA	CCAAATG
Novel-13_3p	NA	CCTAAGC
Novel-13_3p	NA	GGATCCT
Novel-13_3p	NA	GGGCAGA
Novel-13_3p	NA	TAGCTGT
Novel-13_5p	ATGAAAC	NA
Novel-13_5p	CCAACCT	NA
Novel-13_5p	GAGGAAC	NA
Novel-13_5p	GTGACAT	NA
Novel-13_5p	TCAGAGC	NA
Novel-14_3p	NA	ATCTTGA
Novel-14_3p	NA	CCACGGT
Novel-14_3p	NA	GACTCCA
Novel-14_3p	NA	TAGATGA
Novel-14_3p	NA	TGAATTT
Novel-14_3p	NA	TTAAATA
Novel-14_5p	ACTGTCT	NA
Novel-14_5p	AGCGACT	NA
Novel-14_5p	ATGTTGA	NA
Novel-14_5p	TTGCAGC	NA
Novel-15_3p	NA	AGATCAA
Novel-15_3p	NA	AGTACAC
Novel-15_3p	NA	ATGTATT
Novel-15_3p	NA	ATTCTTC
Novel-15_3p	NA	CCGCTGT
Novel-15_3p	NA	GACATAG
Novel-15_3p	NA	TCATCAT
Novel-15_5p	AACACAG	NA
Novel-15_5p	GTCCGGC	NA
Novel-15_5p	TCCCCTA	NA
Novel-15_5p	TTGTAAA	NA
Novel-16_3p	NA	AATATGT
Novel-16_3p	NA	AATGTGT
Novel-16_3p	NA	CAATGTG
Novel-16_3p	NA	CTCACGG
Novel-16_3p	NA	GTCAATT
Novel-16_3p	NA	GTCAGGG
Novel-16_3p	NA	TGAGCCC
Novel-16_3p	NA	TGTGGTA
Novel-16_5p	AAACACT	NA
Novel-16_5p	AAACGCT	NA
Novel-16_5p	AACCAGG	NA
Novel-16_5p	AACGCTC	NA
Novel-16_5p	AAGCACT	NA
Novel-16_5p	AATGTGT	NA
Novel-16_5p	ACACGGT	NA
Novel-16_5p	AGACATC	NA
Novel-16_5p	AGACATT	NA
Novel-16_5p	AGCCATT	NA
Novel-16_5p	AGCCTTT	NA
Novel-16_5p	AGGCACT	NA
Novel-16_5p	ATACGGT	NA
Novel-16_5p	CCGATTG	NA
Novel-16_5p	GTGGTGA	NA
Novel-16_5p	TCCGATT	NA
Novel-16_5p	TCTGGTC	NA
Novel-16_5p	TGACATC	NA
Novel-16_5p	TGCATCC	NA
Novel-16_5p	TGGCATC	NA
Novel-17_3p	NA	AAAGGGT
Novel-17_3p	NA	AAGCCTA
Novel-17_3p	NA	AAGCCTT
Novel-17_3p	NA	GGCAGCA
Novel-17_3p	NA	TCAGCTC
Novel-17_5p	ATTTTGG	NA
Novel-17_5p	CTGCGAC	NA
Novel-17_5p	CTGCTGC	NA
Novel-17_5p	GCAAGAC	NA
Novel-17_5p	TTGGGGG	NA
Novel-18_3p	NA	ACATTCT
Novel-18_3p	NA	CTGACCC
Novel-18_3p	NA	GCGCCTG
Novel-18_3p	NA	GTCGCGG
Novel-18_3p	NA	TCCACAT
Novel-18_5p	ACTGGAG	NA
Novel-18_5p	ACTTTGA	NA
Novel-18_5p	AGATTCG	NA
Novel-18_5p	ATATAAA	NA
Novel-18_5p	CGGAGAG	NA
Novel-19_3p	NA	GAGTGAC
Novel-19_3p	NA	TAATATC
Novel-19_5p	AAGGCTC	NA
Novel-19_5p	GAACACA	NA
Novel-19_5p	GTCTGTG	NA
Novel-19_5p	TCCCTAA	NA
Novel-1_3p	NA	ACTAATA
Novel-1_3p	NA	AGGCAGC
Novel-1_3p	NA	ATGATTG
Novel-1_3p	NA	ATTTTCT
Novel-1_3p	NA	CAAACAT
Novel-1_3p	NA	CTCGCAG
Novel-1_3p	NA	GAGCATT
Novel-1_3p	NA	GAGCCTC
Novel-1_3p	NA	GATGGAA
Novel-1_3p	NA	GCCTACG
Novel-1_3p	NA	GCTTTCG
Novel-1_3p	NA	GGGGATG
Novel-1_3p	NA	GTGGTCA
Novel-1_3p	NA	TACTTGT
Novel-1_3p	NA	TAGATGA
Novel-1_3p	NA	TAGGTTT
Novel-1_3p	NA	TATCAGT
Novel-1_3p	NA	TCAACAC
Novel-1_3p	NA	TCTGAGA
Novel-1_3p	NA	TTCGCCT
Novel-1_3p	NA	TTCTAAT
Novel-1_3p	NA	TTGAAGT
Novel-1_5p	AAAAGCG	NA
Novel-1_5p	AATTGTG	NA
Novel-1_5p	AGAAAAT	NA
Novel-1_5p	AGCCCTT	NA
Novel-1_5p	AGTGGTC	NA
Novel-1_5p	ATCGCGT	NA
Novel-1_5p	ATCTTGA	NA
Novel-1_5p	CCTCTAC	NA
Novel-1_5p	CGACTTC	NA
Novel-1_5p	CTGCACG	NA
Novel-1_5p	GGCGAGC	NA
Novel-1_5p	GTAAGTT	NA
Novel-1_5p	GTGATGT	NA
Novel-1_5p	TAAGCTG	NA
Novel-1_5p	TTCATCT	NA
Novel-20_3p	NA	AAGCGCT
Novel-20_3p	NA	CTGCAGA
Novel-20_3p	NA	TCGGGAG
Novel-20_5p	CGTAACC	NA
Novel-20_5p	TTTTGAA	NA
Novel-21_3p	NA	CACTGGA
Novel-21_5p	AATTGAT	NA
Novel-21_5p	ACGAATA	NA
Novel-21_5p	ATTAGAA	NA
Novel-21_5p	TTCTCAT	NA
Novel-22_3p	NA	ATCTTGA
Novel-22_3p	NA	GCTCTGT
Novel-22_3p	NA	TACTAAG
Novel-22_5p	ACAGAGA	NA
Novel-22_5p	AGCAGTG	NA
Novel-22_5p	CGGACGA	NA
Novel-22_5p	TGTGGTG	NA
Novel-22_5p	TTTCTGT	NA
Novel-23_3p	NA	AGAAGTG
Novel-23_3p	NA	ATATGTT
Novel-23_3p	NA	CCAGCAG
Novel-23_3p	NA	GTTGTCT
Novel-23_5p	AGAGAAA	NA
Novel-23_5p	CCTTGAT	NA
Novel-24_3p	NA	ACGTTGG
Novel-24_3p	NA	ATAGGCG
Novel-24_3p	NA	TCTGTCT
Novel-24_3p	NA	TTAGTGC
Novel-24_5p	CGCGTTG	NA
Novel-25_3p	NA	ATCAGTC
Novel-25_3p	NA	TAGATGG
Novel-25_3p	NA	TTAAGAC
Novel-25_5p	AGCAACT	NA
Novel-25_5p	TCGTGTA	NA
Novel-26_3p	NA	GAGAACA
Novel-26_5p	GTGGCAT	NA
Novel-27_3p	NA	GTCAACA
Novel-27_5p	CATCCAC	NA
Novel-28_3p	NA	AGAATTC
Novel-28_5p	GACATAA	NA
Novel-29_3p	NA	TTCCCGC
Novel-2_3p	NA	AAAATTG
Novel-2_3p	NA	AAAGGTG
Novel-2_3p	NA	AAATTTC
Novel-2_3p	NA	ATCACAG
Novel-2_3p	NA	CCAATAA
Novel-2_3p	NA	CCTAGAA
Novel-2_3p	NA	CGGAACC
Novel-2_3p	NA	CTGGGTT
Novel-2_3p	NA	CTGGTGG
Novel-2_3p	NA	GAAATGC
Novel-2_3p	NA	GGGAGAT
Novel-2_3p	NA	GTGACGA
Novel-2_3p	NA	GTGCAGA
Novel-2_3p	NA	GTGCAGG
Novel-2_3p	NA	TATGGGA
Novel-2_3p	NA	TCAAGTG
Novel-2_3p	NA	TCGGACT
Novel-2_3p	NA	TGGTCAG
Novel-2_3p	NA	TTCGGAC
Novel-2_3p	NA	TTGTAGA
Novel-2_5p	AAAACAC	NA
Novel-2_5p	ACACCCG	NA
Novel-2_5p	ATAAACT	NA
Novel-2_5p	ATTGTGT	NA
Novel-2_5p	CACCTTG	NA
Novel-2_5p	CAGAGAT	NA
Novel-2_5p	CCAGGGC	NA
Novel-2_5p	CTCGAAC	NA
Novel-2_5p	CTTCGAC	NA
Novel-2_5p	GAGGCTT	NA
Novel-2_5p	GCACTGC	NA
Novel-2_5p	GTATTAC	NA
Novel-2_5p	GTGATAG	NA
Novel-2_5p	TAGCTAT	NA
Novel-2_5p	TATGTGT	NA
Novel-2_5p	TGCACAA	NA
Novel-2_5p	TTTATGA	NA
Novel-2_5p	TTTTTGC	NA
Novel-30_5p	GAACCAA	NA
Novel-30_5p	GGAACCA	NA
Novel-31_3p	NA	ATGGCAT
Novel-31_5p	ACGTGTC	NA
Novel-32_3p	NA	TGTTGAC
Novel-32_5p	CGATGGA	NA
Novel-33_5p	GAAGAGA	NA
Novel-34_3p	NA	CGATAGC
Novel-34_5p	GACGAGC	NA
Novel-35_3p	NA	CCGCGAT
Novel-35_5p	ACGAACA	NA
Novel-36_3p	NA	AGCCCAG
Novel-36_5p	TTTTCCA	NA
Novel-37_3p	NA	CCGCGAT
Novel-38_3p	NA	TCATCAT
Novel-39_3p	NA	GCCTTGC
Novel-3_3p	NA	AAATGAA
Novel-3_3p	NA	AGCTGTT
Novel-3_3p	NA	ATGAGAA
Novel-3_3p	NA	ATGCTTT
Novel-3_3p	NA	ATTTACA
Novel-3_3p	NA	CCACTCA
Novel-3_3p	NA	CCATAGA
Novel-3_3p	NA	CTCCATT
Novel-3_3p	NA	CTGATCA
Novel-3_3p	NA	GAACTGT
Novel-3_3p	NA	GACCACG
Novel-3_3p	NA	GAGCTCA
Novel-3_3p	NA	GATGACA
Novel-3_3p	NA	GCGGAGA
Novel-3_3p	NA	GTAGCCA
Novel-3_3p	NA	TAGGGCA
Novel-3_3p	NA	TCTTCCT
Novel-3_3p	NA	TCTTGCT
Novel-3_3p	NA	TGAGATA
Novel-3_3p	NA	TGCACTG
Novel-3_3p	NA	TGTCGGC
Novel-3_3p	NA	TTACAAA
Novel-3_5p	AAAGATT	NA
Novel-3_5p	AAAGCTG	NA
Novel-3_5p	ACTGTTT	NA
Novel-3_5p	AGGAAAG	NA
Novel-3_5p	ATATGAT	NA
Novel-3_5p	ATCAAGC	NA
Novel-3_5p	CACTGTT	NA
Novel-3_5p	CGTGTAA	NA
Novel-3_5p	CTCGGAA	NA
Novel-3_5p	GAACAGT	NA
Novel-3_5p	GCTGGAG	NA
Novel-3_5p	TTTCTCC	NA
Novel-3_5p	TTTGATC	NA
Novel-3_5p	TTTGTCT	NA
Novel-40_3p	NA	TAAACCC
Novel-41_5p	TCCGGAG	NA
Novel-42_5p	CTGTGCA	NA
Novel-43_3p	NA	ATCAAGA
Novel-44_3p	NA	TCGGCTC
Novel-45_5p	GCTGGAA	NA
Novel-46_3p	NA	ACCAAAG
Novel-46_5p	CTCCAAC	NA
Novel-47_3p	NA	ACGCGTT
Novel-48_5p	GCAAAGG	NA
Novel-49_3p	NA	AGCAATG
Novel-49_5p	ACCCCAG	NA
Novel-49_5p	CCCTAGA	NA
Novel-4_3p	NA	AAAGCTC
Novel-4_3p	NA	ATACGAC
Novel-4_3p	NA	CACAGCC
Novel-4_3p	NA	CATGATA
Novel-4_3p	NA	CGGTCAT
Novel-4_3p	NA	CTGCCTC
Novel-4_3p	NA	CTGGACC
Novel-4_3p	NA	GAATGTC
Novel-4_3p	NA	GATACGT
Novel-4_3p	NA	GCTGTGG
Novel-4_3p	NA	GGAATCG
Novel-4_3p	NA	TCCTCTT
Novel-4_3p	NA	TCGTTCT
Novel-4_3p	NA	TGAGCAT
Novel-4_3p	NA	TGCTGGA
Novel-4_3p	NA	TTCCCAA
Novel-4_3p	NA	TTGACAC
Novel-4_5p	AATGCAA	NA
Novel-4_5p	ACAGAGA	NA
Novel-4_5p	AGAGTTT	NA
Novel-4_5p	AGATCTA	NA
Novel-4_5p	AGATGTA	NA
Novel-4_5p	AGGAGAA	NA
Novel-4_5p	CAGGAAT	NA
Novel-4_5p	CATACAA	NA
Novel-4_5p	CCACTAG	NA
Novel-4_5p	CTTGGTT	NA
Novel-4_5p	GAAAATG	NA
Novel-4_5p	GAGGAGG	NA
Novel-4_5p	GAGGTAT	NA
Novel-4_5p	GCCGTCT	NA
Novel-4_5p	GGGATCT	NA
Novel-4_5p	GTGCCCA	NA
Novel-4_5p	TGATGAT	NA
Novel-4_5p	TTGCCAG	NA
Novel-50_5p	GTCTCAT	NA
Novel-51_3p	NA	TAGCTGG
Novel-51_5p	CCCTGCC	NA
Novel-52_5p	TTTCCCG	NA
Novel-53_5p	GATCGGT	NA
Novel-54_3p	NA	CCACGCT
Novel-54_5p	GCTAGCA	NA
Novel-55_5p	AAAATTC	NA
Novel-56_3p	NA	AGACATC
Novel-56_3p	NA	GCCCTAT
Novel-56_5p	GCCCTAT	NA
Novel-56_5p	TTAATAT	NA
Novel-57_3p	NA	AAACTCA
Novel-57_5p	GATTATA	NA
Novel-58_5p	AGTCTGC	NA
Novel-58_5p	ATTTAAG	NA
Novel-59_3p	NA	TGGACAC
Novel-59_5p	TTCCGTA	NA
Novel-5_3p	NA	AACTAGG
Novel-5_3p	NA	AAGTAGG
Novel-5_3p	NA	ACGCCTA
Novel-5_3p	NA	CACTAAG
Novel-5_3p	NA	CATTCTC
Novel-5_3p	NA	CCCTGGT
Novel-5_3p	NA	GCACCAA
Novel-5_3p	NA	GCCACCG
Novel-5_3p	NA	GTTCCTA
Novel-5_3p	NA	GTTCCTG
Novel-5_3p	NA	GTTTTTC
Novel-5_3p	NA	TCTGTTG
Novel-5_3p	NA	TTGCCTT
Novel-5_3p	NA	TTGGACT
Novel-5_5p	AAAAGGT	NA
Novel-5_5p	AAAGTTA	NA
Novel-5_5p	ACTGGGT	NA
Novel-5_5p	AGGACAT	NA
Novel-5_5p	AGTGAGG	NA
Novel-5_5p	CATGTCA	NA
Novel-5_5p	GAAAGTC	NA
Novel-5_5p	GCGAGCC	NA
Novel-5_5p	GCGAGCT	NA
Novel-5_5p	GGACTTC	NA
Novel-5_5p	GGAGCCG	NA
Novel-5_5p	GTAGAAG	NA
Novel-5_5p	TCCCCTT	NA
Novel-5_5p	TGGCAAA	NA
Novel-5_5p	TTGGACT	NA
Novel-5_5p	TTGGTTC	NA
Novel-5_5p	TTTAATG	NA
Novel-60_3p	NA	TTGGACT
Novel-60_5p	CCGCGAT	NA
Novel-61_3p	NA	GAATCTT
Novel-61_5p	CGCGAAC	NA
Novel-61_5p	CGGGGCC	NA
Novel-62_3p	NA	CCCAATC
Novel-62_3p	NA	TGAGCCC
Novel-62_5p	GCTGGAA	NA
Novel-63_3p	NA	AACACTT
Novel-63_5p	GAGAAAA	NA
Novel-63_5p	TCCAGAT	NA
Novel-64_3p	NA	TGTCCAT
Novel-64_3p	NA	TTCTCGT
Novel-64_5p	CTACTTG	NA
Novel-65_3p	NA	GTCCTTC
Novel-65_5p	GTTGGAC	NA
Novel-66_3p	NA	AAATGCG
Novel-66_3p	NA	CAATTTC
Novel-67_3p	NA	GGGTGAG
Novel-67_5p	GAAGTAA	NA
Novel-68_5p	GCCCTAT	NA
Novel-68_5p	TCGGTCA	NA
Novel-69_3p	NA	AAATGCG
Novel-69_3p	NA	TAAATGC
Novel-69_3p	NA	TCGGACC
Novel-69_5p	ATCTCGA	NA
Novel-69_5p	GTGATTT	NA
Novel-6_3p	NA	AAGTCTC
Novel-6_3p	NA	ACAAGGG
Novel-6_3p	NA	AGGATTG
Novel-6_3p	NA	AGTAAAG
Novel-6_3p	NA	AGTCGAG
Novel-6_3p	NA	ATCTGAC
Novel-6_3p	NA	ATGTGAC
Novel-6_3p	NA	CACTGGG
Novel-6_3p	NA	CAGAGCG
Novel-6_3p	NA	GGCCTAA
Novel-6_3p	NA	GGCCTAG
Novel-6_3p	NA	TACCACG
Novel-6_3p	NA	TCAGTCT
Novel-6_3p	NA	TGAAATG
Novel-6_3p	NA	TTAGCTT
Novel-6_3p	NA	TTGGCGC
Novel-6_5p	AAGACAT	NA
Novel-6_5p	AGAGGTA	NA
Novel-6_5p	AGATTAA	NA
Novel-6_5p	CACCGAT	NA
Novel-6_5p	CATTCCC	NA
Novel-6_5p	CGTGTGA	NA
Novel-6_5p	GAACCAT	NA
Novel-6_5p	GCTATAA	NA
Novel-6_5p	GGGGGAA	NA
Novel-6_5p	GTCTGAC	NA
Novel-6_5p	GTGGCAT	NA
Novel-6_5p	TACGGGA	NA
Novel-6_5p	TCAAATC	NA
Novel-6_5p	TCCGGGA	NA
Novel-6_5p	TCCGTGG	NA
Novel-70_3p	NA	AAGCAAG
Novel-70_3p	NA	GAACGTT
Novel-71_3p	NA	GCGAACA
Novel-71_5p	CTGAGTT	NA
Novel-72_5p	TATCGAA	NA
Novel-73_3p	NA	TATAATT
Novel-74_5p	CATGATC	NA
Novel-75_3p	NA	ATCTCAT
Novel-75_5p	CTCATGT	NA
Novel-76_5p	GAACATT	NA
Novel-77_5p	GCTCGTC	NA
Novel-78_5p	GTAGCCA	NA
Novel-79_3p	NA	CGATGAT
Novel-79_5p	GTGCCTC	NA
Novel-7_3p	NA	AAAAGAG
Novel-7_3p	NA	AAAGTGA
Novel-7_3p	NA	ACTGAAC
Novel-7_3p	NA	ACTGATA
Novel-7_3p	NA	AGGATAG
Novel-7_3p	NA	CAAACGA
Novel-7_3p	NA	CAAATGC
Novel-7_3p	NA	CAACGAA
Novel-7_3p	NA	CGGGCTT
Novel-7_3p	NA	GCGGTAG
Novel-7_3p	NA	GCTTCCT
Novel-7_3p	NA	TACATAT
Novel-7_3p	NA	TCTGGTG
Novel-7_3p	NA	TGCGTTG
Novel-7_3p	NA	TGGTATC
Novel-7_3p	NA	TTCCTGC
Novel-7_5p	ACTAAAA	NA
Novel-7_5p	ATGGACA	NA
Novel-7_5p	CCTGTTT	NA
Novel-7_5p	CGAGTGA	NA
Novel-7_5p	CTGCATG	NA
Novel-7_5p	GAGAGGT	NA
Novel-7_5p	GCACACC	NA
Novel-7_5p	GCGGCCA	NA
Novel-7_5p	GGGCGAT	NA
Novel-7_5p	GGGGTAC	NA
Novel-7_5p	GTGGTGC	NA
Novel-7_5p	TCAGTTC	NA
Novel-7_5p	TCGCGGC	NA
Novel-7_5p	TGGGGAC	NA
Novel-7_5p	TTGCTAT	NA
Novel-80_3p	NA	GTGTCCC
Novel-81_3p	NA	AGGAGCT
Novel-82_3p	NA	CAGTCGG
Novel-83_5p	ACCGCTT	NA
Novel-84_5p	GTGCTGT	NA
Novel-85_5p	GTTTATG	NA
Novel-86_5p	GCACGAC	NA
Novel-87_5p	CTGAGCA	NA
Novel-88_5p	CTGCTGA	NA
Novel-89_5p	CCTGCGG	NA
Novel-8_3p	NA	AAGGCAT
Novel-8_3p	NA	ACAAAAT
Novel-8_3p	NA	ACGTGTG
Novel-8_3p	NA	GAAGTGA
Novel-8_3p	NA	GAGAACT
Novel-8_3p	NA	GGAACAT
Novel-8_3p	NA	TATGCTT
Novel-8_3p	NA	TGATGCC
Novel-8_3p	NA	TGGGTGA
Novel-8_5p	AAATAAT	NA
Novel-8_5p	ACAGTCT	NA
Novel-8_5p	AGGCGCT	NA
Novel-8_5p	CGTGGAG	NA
Novel-8_5p	CTCCTGA	NA
Novel-8_5p	CTGGAGG	NA
Novel-8_5p	CTGGCAG	NA
Novel-8_5p	GAGGCAA	NA
Novel-8_5p	GGGCAGG	NA
Novel-8_5p	GGTTAAG	NA
Novel-8_5p	GTAGGGT	NA
Novel-8_5p	GTGCAGA	NA
Novel-8_5p	TAGCAAT	NA
Novel-90_3p	NA	CTGACGC
Novel-91_5p	TGTGTCT	NA
Novel-9_3p	NA	AAGTTGG
Novel-9_3p	NA	AGAATTC
Novel-9_3p	NA	AGGATCT
Novel-9_3p	NA	TAGATCC
Novel-9_3p	NA	TCCTGCC
Novel-9_5p	AACTTTG	NA
Novel-9_5p	AATGCAT	NA
Novel-9_5p	ACATAAT	NA
Novel-9_5p	ACGATAA	NA
Novel-9_5p	ACTCACA	NA
Novel-9_5p	AGATCTC	NA
Novel-9_5p	AGGGATC	NA
Novel-9_5p	ATCAGAA	NA
Novel-9_5p	ATCTTAT	NA
Novel-9_5p	ATGAGAA	NA
Novel-9_5p	GCAGCCA	NA
Novel-9_5p	GCGGGGG	NA
Novel-9_5p	TATTTTA	NA
