Demospongiae	MIR-2014
Demospongiae	MIR-2015
Demospongiae	MIR-2017
Demospongiae	MIR-2018
Demospongiae	MIR-2020
Demospongiae	MIR-2021
Silicispongia	MIR-2019
Protostomia	BANTAM
Protostomia	MIR-1175
Protostomia	MIR-12
Protostomia	MIR-1993
Protostomia	MIR-2
Protostomia	MIR-277
Protostomia	MIR-279
Protostomia	MIR-317
Protostomia	MIR-36
Protostomia	MIR-67
Protostomia	MIR-750
Protostomia	MIR-87
A. aegypti	MIR-11893
A. aegypti	MIR-11895
A. aegypti	MIR-11899
A. aegypti	MIR-11900
A. aegypti	MIR-11911
A. aegypti	MIR-1890
A. aegypti	MIR-1891
A. aegypti	MIR-2940
A. aegypti	MIR-2941
Arthropoda	IAB-4
Arthropoda	MIR-275
Arthropoda	MIR-276
Bilateria	LET-7
Bilateria	MIR-1
Bilateria	MIR-124
Bilateria	MIR-133
Bilateria	MIR-137
Bilateria	MIR-153
Bilateria	MIR-184
Bilateria	MIR-190
Bilateria	MIR-193
Bilateria	MIR-2001
Bilateria	MIR-210
Bilateria	MIR-216
Bilateria	MIR-219
Bilateria	MIR-22
Bilateria	MIR-242
Bilateria	MIR-252
Bilateria	MIR-278
Bilateria	MIR-281
Bilateria	MIR-29
Bilateria	MIR-31
Bilateria	MIR-315
Bilateria	MIR-33
Bilateria	MIR-34
Bilateria	MIR-375
Bilateria	MIR-7
Bilateria	MIR-71
Bilateria	MIR-76
Bilateria	MIR-8
Bilateria	MIR-9
Bilateria	MIR-92
Bilateria	MIR-96
Neoptera	MIR-1000
Neoptera	MIR-14
Neoptera	MIR-2796
Neoptera	MIR-3049
Neoptera	MIR-306
Neoptera	MIR-927
Neoptera	MIR-929
Neoptera	MIR-932
Neoptera	MIR-971
Endopterygota	MIR-970
Endopterygota	MIR-989
Pancrustacea	MIR-2765
Pancrustacea	MIR-282
Pancrustacea	MIR-3
Pancrustacea	MIR-316
Pancrustacea	MIR-965
Diptera	MIR-957
Diptera	MIR-999
Eumetazoa	MIR-10
Ecdysozoa	MIR-305
Diptera plus Lepidoptera	MIR-988
Gnathostomata	MIR-1306
Gnathostomata	MIR-1388
Gnathostomata	MIR-139
Gnathostomata	MIR-150
Gnathostomata	MIR-191
Gnathostomata	MIR-214
Gnathostomata	MIR-2184
Gnathostomata	MIR-2188
Gnathostomata	MIR-32
Gnathostomata	MIR-425
Gnathostomata	MIR-725
Vertebrata	MIR-101
Vertebrata	MIR-122
Vertebrata	MIR-128
Vertebrata	MIR-130
Vertebrata	MIR-132
Vertebrata	MIR-1329
Vertebrata	MIR-138
Vertebrata	MIR-140
Vertebrata	MIR-142
Vertebrata	MIR-143
Vertebrata	MIR-144
Vertebrata	MIR-145
Vertebrata	MIR-146
Vertebrata	MIR-147
Vertebrata	MIR-148
Vertebrata	MIR-155
Vertebrata	MIR-17
Vertebrata	MIR-1788
Vertebrata	MIR-181
Vertebrata	MIR-19
Vertebrata	MIR-192
Vertebrata	MIR-194
Vertebrata	MIR-199
Vertebrata	MIR-202
Vertebrata	MIR-203
Vertebrata	MIR-204
Vertebrata	MIR-205
Vertebrata	MIR-208
Vertebrata	MIR-21
Vertebrata	MIR-218
Vertebrata	MIR-221
Vertebrata	MIR-223
Vertebrata	MIR-23
Vertebrata	MIR-24
Vertebrata	MIR-26
Vertebrata	MIR-27
Vertebrata	MIR-30
Vertebrata	MIR-338
Vertebrata	MIR-430
Vertebrata	MIR-451
Vertebrata	MIR-4541
Vertebrata	MIR-455
Vertebrata	MIR-456
Vertebrata	MIR-459
Vertebrata	MIR-499
Vertebrata	MIR-551
Vertebrata	MIR-875
Olfactores	MIR-126
Olfactores	MIR-15
Olfactores	MIR-196
Deuterostomia	MIR-103
Chordata	MIR-129
Chordata	MIR-135
Chordata	MIR-217
Chordata	MIR-4057
Osteichthyes	MIR-187
Osteichthyes	MIR-458
Osteichthyes	MIR-460
Osteichthyes	MIR-489
Osteichthyes	MIR-7147
Osteichthyes	MIR-722
Osteichthyes	MIR-726
Osteichthyes	MIR-727
Osteichthyes	MIR-737
Tetrapoda	MIR-1662
Tetrapoda	MIR-1805
Tetrapoda	MIR-383
Amniota	MIR-1397
Amniota	MIR-1416
Amniota	MIR-490
A. carolinensis	MIR-5396
A. carolinensis	MIR-5397
A. carolinensis	MIR-5399
A. carolinensis	MIR-5402
A. carolinensis	MIR-5405
A. carolinensis	MIR-5406
A. carolinensis	MIR-5407
A. carolinensis	MIR-5408
A. carolinensis	MIR-5412
A. carolinensis	MIR-5417
A. carolinensis	MIR-5426
A. carolinensis	MIR-5435
A. carolinensis	MIR-5436
A. carolinensis	MIR-5452
A. carolinensis	MIR-9572
A. carolinensis	MIR-9573
A. carolinensis	MIR-9574
A. carolinensis	MIR-9576
Diapsida	MIR-1677
Diapsida	MIR-1720
Diapsida	MIR-7463
Sarcopterygii	MIR-2970
Sarcopterygii	MIR-599
Archosauria	MIR-1641
A. mississippiensis	MIR-9598
A. mississippiensis	MIR-9599
A. mississippiensis	MIR-9600
A. mississippiensis	MIR-9602
A. mississippiensis	MIR-9603
A. mississippiensis	MIR-9605
A. mississippiensis	MIR-9606
A. mississippiensis	MIR-9607
A. mississippiensis	MIR-9613
A. suum	ASU-NOVEL-2
A. suum	ASU-NOVEL-3
A. suum	ASU-NOVEL-7
A. suum	ASU-NOVEL-8
A. suum	MIR-5342
A. suum	MIR-5345
A. suum	MIR-5347
A. suum	MIR-5350
A. suum	MIR-5353
A. suum	MIR-5355
A. suum	MIR-5357
A. suum	MIR-5359
A. suum	MIR-5360
A. suum	MIR-5361
A. suum	MIR-5363
A. suum	MIR-5364
Chromadorea	MIR-54
Chromadorea	MIR-77
Chromadorea	MIR-791
Chromadorea	MIR-86
Branchiostoma	BRA-NOVEL-1
Branchiostoma	BRA-NOVEL-2
Branchiostoma	BRA-NOVEL-3
Branchiostoma	BRA-NOVEL-4
Branchiostoma	BRA-NOVEL-5
Branchiostoma	BRA-NOVEL-6
Branchiostoma	MIR-2056
Branchiostoma	MIR-2057
Branchiostoma	MIR-2058
Branchiostoma	MIR-2061
Branchiostoma	MIR-2062
Branchiostoma	MIR-2068
Branchiostoma	MIR-2070
Branchiostoma	MIR-2071
Branchiostoma	MIR-2072
Branchiostoma	MIR-2076
Branchiostoma	MIR-4857
Branchiostoma	MIR-4859
Branchiostoma	MIR-4860
Branchiostoma	MIR-4861
Branchiostoma	MIR-4862
Branchiostoma	MIR-4863
Branchiostoma	MIR-4864
Branchiostoma	MIR-4865
Branchiostoma	MIR-4866
Branchiostoma	MIR-4868
Branchiostoma	MIR-4869
Branchiostoma	MIR-4871
Branchiostoma	MIR-4872
Branchiostoma	MIR-4873
Branchiostoma	MIR-4874
Branchiostoma	MIR-4876
Branchiostoma	MIR-4879
Branchiostoma	MIR-4880
Branchiostoma	MIR-4886
Branchiostoma	MIR-4887
Branchiostoma	MIR-4888
Branchiostoma	MIR-4891
Branchiostoma	MIR-4900
B. floridae	MIR-4881
B. germanica	BGE-NOVEL-1
B. germanica	BGE-NOVEL-10
B. germanica	BGE-NOVEL-11
B. germanica	BGE-NOVEL-12
B. germanica	BGE-NOVEL-13
B. germanica	BGE-NOVEL-14
B. germanica	BGE-NOVEL-15
B. germanica	BGE-NOVEL-17
B. germanica	BGE-NOVEL-18
B. germanica	BGE-NOVEL-19
B. germanica	BGE-NOVEL-2
B. germanica	BGE-NOVEL-20
B. germanica	BGE-NOVEL-21
B. germanica	BGE-NOVEL-22
B. germanica	BGE-NOVEL-23
B. germanica	BGE-NOVEL-24
B. germanica	BGE-NOVEL-25
B. germanica	BGE-NOVEL-26
B. germanica	BGE-NOVEL-3
B. germanica	BGE-NOVEL-4
B. germanica	BGE-NOVEL-5
B. germanica	BGE-NOVEL-6
B. germanica	BGE-NOVEL-7
B. germanica	BGE-NOVEL-8
B. germanica	BGE-NOVEL-9
B. germanica	MIR-3770
B. germanica	MIR-6012
B. lanceolatum	BLA-NOVEL-10
B. lanceolatum	BLA-NOVEL-11
B. lanceolatum	BLA-NOVEL-12
B. lanceolatum	BLA-NOVEL-7
B. lanceolatum	BLA-NOVEL-8
B. lanceolatum	BLA-NOVEL-9
Eutheria	MIR-105
Eutheria	MIR-1247
Eutheria	MIR-1249
Eutheria	MIR-127
Eutheria	MIR-1271
Eutheria	MIR-1277
Eutheria	MIR-1296
Eutheria	MIR-1298
Eutheria	MIR-1301
Eutheria	MIR-134
Eutheria	MIR-1343
Eutheria	MIR-136
Eutheria	MIR-1379
Eutheria	MIR-149
Eutheria	MIR-154
Eutheria	MIR-1842
Eutheria	MIR-185
Eutheria	MIR-188
Eutheria	MIR-1911
Eutheria	MIR-1912
Eutheria	MIR-197
Eutheria	MIR-2114
Eutheria	MIR-224
Eutheria	MIR-2355
Eutheria	MIR-2483
Eutheria	MIR-28
Eutheria	MIR-296
Eutheria	MIR-3059
Eutheria	MIR-3085
Eutheria	MIR-320
Eutheria	MIR-324
Eutheria	MIR-326
Eutheria	MIR-328
Eutheria	MIR-330
Eutheria	MIR-331
Eutheria	MIR-335
Eutheria	MIR-337
Eutheria	MIR-339
Eutheria	MIR-342
Eutheria	MIR-345
Eutheria	MIR-346
Eutheria	MIR-350
Eutheria	MIR-361
Eutheria	MIR-362
Eutheria	MIR-374
Eutheria	MIR-376
Eutheria	MIR-378
Eutheria	MIR-384
Eutheria	MIR-423
Eutheria	MIR-431
Eutheria	MIR-432
Eutheria	MIR-433
Eutheria	MIR-448
Eutheria	MIR-450
Eutheria	MIR-452
Eutheria	MIR-486
Eutheria	MIR-488
Eutheria	MIR-491
Eutheria	MIR-493
Eutheria	MIR-504
Eutheria	MIR-505
Eutheria	MIR-506
Eutheria	MIR-541
Eutheria	MIR-542
Eutheria	MIR-544
Eutheria	MIR-574
Eutheria	MIR-582
Eutheria	MIR-592
Eutheria	MIR-598
Eutheria	MIR-615
Eutheria	MIR-628
Eutheria	MIR-652
Eutheria	MIR-6529
Eutheria	MIR-653
Eutheria	MIR-670
Eutheria	MIR-6715
Eutheria	MIR-672
Eutheria	MIR-676
Eutheria	MIR-7180
Eutheria	MIR-744
Eutheria	MIR-760
Eutheria	MIR-769
Eutheria	MIR-874
Eutheria	MIR-876
Eutheria	MIR-877
Eutheria	MIR-885
Eutheria	MIR-935
Eutheria	MIR-95
Eutheria	MIR-9851
B. taurus	BTA-NOVEL-1
B. taurus	BTA-NOVEL-2
B. taurus	MIR-10182
B. taurus	MIR-11968
B. taurus	MIR-11989
B. taurus	MIR-11995
B. taurus	MIR-2285
B. taurus	MIR-2299
B. taurus	MIR-2313
B. taurus	MIR-2320
B. taurus	MIR-2328
B. taurus	MIR-2330
B. taurus	MIR-2331
B. taurus	MIR-2336
B. taurus	MIR-2367
B. taurus	MIR-2373
B. taurus	MIR-2382
B. taurus	MIR-2388
B. taurus	MIR-2408
B. taurus	MIR-2461
B. taurus	MIR-2468
B. taurus	MIR-2471
B. taurus	MIR-2475
B. taurus	MIR-3431
B. taurus	MIR-3432
B. taurus	MIR-3660
B. taurus	MIR-3956
B. taurus	MIR-3957
B. taurus	MIR-6119
B. taurus	MIR-6525
B. taurus	MIR-7858
B. taurus	MIR-7859
B. taurus	MIR-7861
B. taurus	MIR-7862
Mammalia	MIR-186
Mammalia	MIR-590
Mammalia	MIR-873
Theria	MIR-1251
Theria	MIR-325
Theria	MIR-340
Theria	MIR-3613
Theria	MIR-483
Theria	MIR-671
Theria	MIR-675
Boreoeutheria	MIR-2387
Boreoeutheria	MIR-370
C. briggsae	CBR-NOVEL-1
C. briggsae	CBR-NOVEL-2
C. briggsae	CBR-NOVEL-3
C. briggsae	CBR-NOVEL-4
C. briggsae	CBR-NOVEL-5
C. briggsae	CBR-NOVEL-6
C. briggsae	MIR-2222
C. briggsae	MIR-2231
C. briggsae	MIR-7579
C. briggsae	MIR-7580
C. briggsae	MIR-7583
C. briggsae	MIR-7584
C. briggsae	MIR-7585
C. briggsae	MIR-7586
C. briggsae	MIR-7587
C. briggsae	MIR-7588
C. briggsae	MIR-7589
C. briggsae	MIR-7590
C. briggsae	MIR-7591
C. briggsae	MIR-7593
C. briggsae	MIR-7594
C. briggsae	MIR-7595
C. briggsae	MIR-7596
Caenorhabditis	LSY-6
Caenorhabditis	MIR-1817
Caenorhabditis	MIR-230
Caenorhabditis	MIR-231
Caenorhabditis	MIR-238
Caenorhabditis	MIR-246
Caenorhabditis	MIR-248
Caenorhabditis	MIR-249
Caenorhabditis	MIR-253
Caenorhabditis	MIR-254
Caenorhabditis	MIR-255
Caenorhabditis	MIR-355
Caenorhabditis	MIR-357
Caenorhabditis	MIR-358
Caenorhabditis	MIR-392
Caenorhabditis	MIR-4813
Caenorhabditis	MIR-52
Caenorhabditis	MIR-62
Caenorhabditis	MIR-65
Caenorhabditis	MIR-70
Caenorhabditis	MIR-73
Caenorhabditis	MIR-784
Caenorhabditis	MIR-785
Caenorhabditis	MIR-787
Caenorhabditis	MIR-788
Caenorhabditis	MIR-789
Caenorhabditis	MIR-85
Caenorhabditis	MIR-90
C. elegans	MIR-1819
C. elegans	MIR-1821
C. elegans	MIR-1823
C. elegans	MIR-1829
C. elegans	MIR-1830
C. elegans	MIR-1832
C. elegans	MIR-2208
C. elegans	MIR-2210
C. elegans	MIR-2218
C. elegans	MIR-2221
C. elegans	MIR-229
C. elegans	MIR-243
C. elegans	MIR-2953
C. elegans	MIR-4806
C. elegans	MIR-4808
C. elegans	MIR-4814
C. elegans	MIR-5594
C. elegans	MIR-59
C. elegans	MIR-63
C. elegans	MIR-792
C. elegans	MIR-794
C. elegans	MIR-796
C. elegans	MIR-799
C. elegans	MIR-800
C. familiaris	CFA-NOVEL-1
C. familiaris	CFA-NOVEL-10
C. familiaris	CFA-NOVEL-11
C. familiaris	CFA-NOVEL-12
C. familiaris	CFA-NOVEL-13
C. familiaris	CFA-NOVEL-14
C. familiaris	CFA-NOVEL-15
C. familiaris	CFA-NOVEL-16
C. familiaris	CFA-NOVEL-17
C. familiaris	CFA-NOVEL-18
C. familiaris	CFA-NOVEL-2
C. familiaris	CFA-NOVEL-21
C. familiaris	CFA-NOVEL-22
C. familiaris	CFA-NOVEL-23
C. familiaris	CFA-NOVEL-24
C. familiaris	CFA-NOVEL-3
C. familiaris	CFA-NOVEL-4
C. familiaris	CFA-NOVEL-5
C. familiaris	CFA-NOVEL-6
C. familiaris	CFA-NOVEL-7
C. familiaris	CFA-NOVEL-8
C. familiaris	CFA-NOVEL-9
C. familiaris	MIR-1835
C. familiaris	MIR-1838
C. familiaris	MIR-1840
C. familiaris	MIR-1844
C. familiaris	MIR-8859
C. familiaris	MIR-8902
C. familiaris	MIR-8908
C. gigas	CGI-NOVEL-1
C. gigas	CGI-NOVEL-10
C. gigas	CGI-NOVEL-11
C. gigas	CGI-NOVEL-12
C. gigas	CGI-NOVEL-13
C. gigas	CGI-NOVEL-14
C. gigas	CGI-NOVEL-15
C. gigas	CGI-NOVEL-17
C. gigas	CGI-NOVEL-19
C. gigas	CGI-NOVEL-2
C. gigas	CGI-NOVEL-20
C. gigas	CGI-NOVEL-21
C. gigas	CGI-NOVEL-22
C. gigas	CGI-NOVEL-3
C. gigas	CGI-NOVEL-4
C. gigas	CGI-NOVEL-5
C. gigas	CGI-NOVEL-6
C. gigas	CGI-NOVEL-7
C. gigas	CGI-NOVEL-8
C. gigas	CGI-NOVEL-9
Lophotrochozoa	MIR-1986
Lophotrochozoa	MIR-1989
Lophotrochozoa	MIR-1990
Lophotrochozoa	MIR-1992
Lophotrochozoa	MIR-1994
Mollusca	MIR-1984
Mollusca	MIR-1985
Mollusca	MIR-2722
C. intestinalis	CIN-NOVEL-1
C. intestinalis	CIN-NOVEL-2
C. intestinalis	CIN-NOVEL-3
C. intestinalis	CIN-NOVEL-4
C. intestinalis	CIN-NOVEL-5
C. intestinalis	CIN-NOVEL-6
C. intestinalis	CIN-NOVEL-7
C. intestinalis	CIN-NOVEL-8
C. intestinalis	CIN-NOVEL-9
C. intestinalis	MIR-1495
C. intestinalis	MIR-1497
C. intestinalis	MIR-1502
C. intestinalis	MIR-3598
C. intestinalis	MIR-3599
C. intestinalis	MIR-4000
C. intestinalis	MIR-4003
C. intestinalis	MIR-4010
C. intestinalis	MIR-4011
C. intestinalis	MIR-4013
C. intestinalis	MIR-4014
C. intestinalis	MIR-4015
C. intestinalis	MIR-4017
C. intestinalis	MIR-4018
C. intestinalis	MIR-4029
C. intestinalis	MIR-4030
C. intestinalis	MIR-4031
C. intestinalis	MIR-4032
C. intestinalis	MIR-4033
C. intestinalis	MIR-4034
C. intestinalis	MIR-4036
C. intestinalis	MIR-4037
C. intestinalis	MIR-4039
C. intestinalis	MIR-4040
C. intestinalis	MIR-4041
C. intestinalis	MIR-4043
C. intestinalis	MIR-4044
C. intestinalis	MIR-4045
C. intestinalis	MIR-4046
C. intestinalis	MIR-4047
C. intestinalis	MIR-4048
C. intestinalis	MIR-4050
C. intestinalis	MIR-4052
C. intestinalis	MIR-4053
C. intestinalis	MIR-4054
C. intestinalis	MIR-4055
C. intestinalis	MIR-4060
C. intestinalis	MIR-4061
C. intestinalis	MIR-4062
C. intestinalis	MIR-4063
C. intestinalis	MIR-4065
C. intestinalis	MIR-4067
C. intestinalis	MIR-4068
C. intestinalis	MIR-4070
C. intestinalis	MIR-4071
C. intestinalis	MIR-4073
C. intestinalis	MIR-4076
C. intestinalis	MIR-4077
C. intestinalis	MIR-4078
C. intestinalis	MIR-4079
C. intestinalis	MIR-4081
C. intestinalis	MIR-4085
C. intestinalis	MIR-4086
C. intestinalis	MIR-4092
C. intestinalis	MIR-4093
C. intestinalis	MIR-4127
C. intestinalis	MIR-4179
C. intestinalis	MIR-4200
C. intestinalis	MIR-5600
C. intestinalis	MIR-5601
C. intestinalis	MIR-5610
Neoaves	MIR-9619
Neognathae	MIR-1451
Neognathae	MIR-1467
Neognathae	MIR-1552
Neognathae	MIR-1559
Neognathae	MIR-1729
Neognathae	MIR-1781
Neognathae	MIR-2131
Neognathae	MIR-2954
Neognathae	MIR-2984
C. livia	MIR-9616
C. livia	MIR-9621
C. livia	MIR-9622
C. livia	MIR-9623
C. livia	MIR-9625
C. livia	MIR-9627
C. livia	MIR-9631
C. livia	MIR-9633
C. livia	MIR-9634
C. livia	MIR-9636
C. livia	MIR-9640
C. livia	MIR-9643
C. livia	MIR-9644
C. livia	MIR-9646
C. livia	MIR-9648
Chondrichthyes	CHO-NOVEL-1
Chondrichthyes	CHO-NOVEL-2
C. milii	CMI-NOVEL-10
C. milii	CMI-NOVEL-11
C. milii	CMI-NOVEL-12
C. milii	CMI-NOVEL-13
C. milii	CMI-NOVEL-14
C. milii	CMI-NOVEL-15
C. milii	CMI-NOVEL-16
C. milii	CMI-NOVEL-17
C. milii	CMI-NOVEL-18
C. milii	CMI-NOVEL-19
C. milii	CMI-NOVEL-20
C. milii	CMI-NOVEL-21
C. milii	CMI-NOVEL-22
C. milii	CMI-NOVEL-23
C. milii	CMI-NOVEL-24
C. milii	CMI-NOVEL-25
C. milii	CMI-NOVEL-3
C. milii	CMI-NOVEL-4
C. milii	CMI-NOVEL-5
C. milii	CMI-NOVEL-6
C. milii	CMI-NOVEL-7
C. milii	CMI-NOVEL-8
C. milii	CMI-NOVEL-9
C. picta	CPI-NOVEL-1
C. picta	MIR-9578
C. picta	MIR-9579
C. picta	MIR-9580
C. picta	MIR-9581
C. picta	MIR-9583
C. picta	MIR-9584
C. picta	MIR-9585
C. picta	MIR-9586
C. picta	MIR-9587
C. picta	MIR-9588
C. picta	MIR-9589
C. picta	MIR-9590
C. picta	MIR-9592
C. picta	MIR-9593
C. picta	MIR-9594
C. picta	MIR-9595
C. picta	MIR-9597
C. porcellus	MIR-12072
C. porcellus	MIR-12073
C. porcellus	MIR-12074
C. porcellus	MIR-12076
C. porcellus	MIR-12078
C. porcellus	MIR-12079
C. porcellus	MIR-12080
C. porcellus	MIR-12081
C. porcellus	MIR-12082
C. porcellus	MIR-12083
C. porcellus	MIR-12084
Euarchontoglires	MIR-511
Euarchontoglires	MIR-770
Glires	MIR-872
C. teleta	MIR-2692
C. teleta	MIR-2697
C. teleta	MIR-2699
C. teleta	MIR-2702
C. teleta	MIR-2703
Annelida	MIR-1987
Annelida	MIR-1995
Annelida	MIR-1996
Annelida	MIR-1997
Annelida	MIR-1998
Annelida	MIR-2000
Annelida	MIR-2685
Annelida	MIR-2686
Annelida	MIR-2687
Annelida	MIR-2689
Annelida	MIR-2690
Annelida	MIR-2691
Annelida	MIR-2693
Annelida	MIR-2705
Annelida	MIR-2707
Drosophila	MIR-1003
Drosophila	MIR-1006
Drosophila	MIR-1010
Drosophila	MIR-284
Drosophila	MIR-314
Drosophila	MIR-955
Drosophila	MIR-956
Drosophila	MIR-960
Drosophila	MIR-962
Drosophila	MIR-963
Drosophila	MIR-964
Drosophila	MIR-968
Drosophila	MIR-969
Drosophila	MIR-973
Drosophila	MIR-974
Drosophila	MIR-975
Drosophila	MIR-976
Drosophila	MIR-977
Drosophila	MIR-987
D. melanogaster group	MIR-1007
D. melanogaster group	MIR-959
D. melanogaster group	MIR-961
D. melanogaster group	MIR-978
D. melanogaster group	MIR-986
D. ananassae	DAN-NOVEL-1
D. ananassae	DAN-NOVEL-10
D. ananassae	DAN-NOVEL-11
D. ananassae	DAN-NOVEL-12
D. ananassae	DAN-NOVEL-13
D. ananassae	DAN-NOVEL-14
D. ananassae	DAN-NOVEL-15
D. ananassae	DAN-NOVEL-16
D. ananassae	DAN-NOVEL-17
D. ananassae	DAN-NOVEL-18
D. ananassae	DAN-NOVEL-19
D. ananassae	DAN-NOVEL-2
D. ananassae	DAN-NOVEL-20
D. ananassae	DAN-NOVEL-3
D. ananassae	DAN-NOVEL-4
D. ananassae	DAN-NOVEL-5
D. ananassae	DAN-NOVEL-6
D. ananassae	DAN-NOVEL-7
D. ananassae	DAN-NOVEL-8
D. ananassae	DAN-NOVEL-9
D. melanogaster subgroup	MIR-1001
D. melanogaster subgroup	MIR-303
D. melanogaster subgroup	MIR-4969
D. melanogaster subgroup	MIR-966
D. melanogaster subgroup	MIR-967
D. melanogaster subgroup	MIR-983
D. melanogaster subgroup	MIR-991
D. melanogaster subgroup	MIR-992
D. melanogaster + D. simulans	MIR-4983
D. melanogaster + D. simulans	MIR-972
D. melanogaster + D. simulans	MIR-982
D. melanogaster + D. simulans	MIR-985
D. melanogaster	MIR-2279
D. melanogaster	MIR-2499
D. melanogaster	MIR-2501
D. melanogaster	MIR-9388
D. melanogaster	MIR-984
D. melanogaster	MIR-997
D. mojavensis	DMO-NOVEL-1
D. mojavensis	DMO-NOVEL-10
D. mojavensis	DMO-NOVEL-11
D. mojavensis	DMO-NOVEL-12
D. mojavensis	DMO-NOVEL-13
D. mojavensis	DMO-NOVEL-14
D. mojavensis	DMO-NOVEL-15
D. mojavensis	DMO-NOVEL-16
D. mojavensis	DMO-NOVEL-2
D. mojavensis	DMO-NOVEL-3
D. mojavensis	DMO-NOVEL-4
D. mojavensis	DMO-NOVEL-5
D. mojavensis	DMO-NOVEL-6
D. mojavensis	DMO-NOVEL-7
D. mojavensis	DMO-NOVEL-8
D. mojavensis	DMO-NOVEL-9
D. mojavensis	MIR-9538
D. mojavensis	MIR-9540
D. mojavensis	MIR-9692
D. mojavensis	MIR-9696
D. mojavensis	MIR-9698
D. mojavensis	MIR-9699
D. mojavensis	MIR-9701
D. mojavensis	MIR-9703
D. mojavensis	MIR-9707
D. mojavensis	MIR-9717
D. novemcinctus	MIR-12085
D. novemcinctus	MIR-12086
D. novemcinctus	MIR-12087
D. pulex	DPU-NOVEL-1
D. pulex	DPU-NOVEL-2
D. pulex	DPU-NOVEL-3
D. pulex	DPU-NOVEL-4
D. pulex	DPU-NOVEL-5
D. pulex	DPU-NOVEL-6
D. pulex	DPU-NOVEL-7
D. pulex	DPU-NOVEL-8
Teleostei	MIR-7132
Teleostei	MIR-7133
Teleostei	MIR-723
D. rerio	DRE-NOVEL-1
D. rerio	DRE-NOVEL-2
D. rerio	DRE-NOVEL-3
D. rerio	DRE-NOVEL-4
D. rerio	DRE-NOVEL-5
D. rerio	DRE-NOVEL-6
D. rerio	DRE-NOVEL-7
D. rerio	DRE-NOVEL-8
D. rerio	MIR-2189
D. rerio	MIR-2191
D. rerio	MIR-7148
D. rerio	MIR-7149
D. rerio	MIR-732
Neopterygii	MIR-724
Neopterygii	MIR-728
Neopterygii	MIR-729
Neopterygii	MIR-734
D. simulans	MIR-2582
D. simulans	MIR-2583
D. simulans	MIR-2584
D. simulans	MIR-9369
D. yakuba	MIR-9681
D. yakuba	MIR-9682
D. yakuba	MIR-9690
E. burgeri	EBU-NOVEL-1
Cyclostomata	MIR-4542
Cyclostomata	MIR-4543
Cyclostomata	MIR-4544
Cyclostomata	MIR-4545
E. fetida	EFE-NOVEL-1
E. fetida	EFE-NOVEL-2
E. fetida	EFE-NOVEL-3
E. fetida	EFE-NOVEL-4
E. fetida	EFE-NOVEL-5
E. fetida	EFE-NOVEL-6
E. telfairi	ETE-NOVEL-1
E. telfairi	ETE-NOVEL-2
E. telfairi	ETE-NOVEL-3
E. telfairi	ETE-NOVEL-4
E. telfairi	ETE-NOVEL-5
E. telfairi	ETE-NOVEL-6
G. gallus	MIR-10585
G. gallus	MIR-12223
G. gallus	MIR-12246
G. gallus	MIR-12265
G. gallus	MIR-12277
G. gallus	MIR-1452
G. gallus	MIR-1550
G. gallus	MIR-1551
G. gallus	MIR-1553
G. gallus	MIR-1555
G. gallus	MIR-1560
G. gallus	MIR-1591
G. gallus	MIR-1596
G. gallus	MIR-1601
G. gallus	MIR-1618
G. gallus	MIR-1651
G. gallus	MIR-1663
G. gallus	MIR-1668
G. gallus	MIR-1669
G. gallus	MIR-1685
G. gallus	MIR-1689
G. gallus	MIR-1728
G. gallus	MIR-1731
G. gallus	MIR-1736
G. gallus	MIR-1751
G. gallus	MIR-1774
G. gallus	MIR-1806
G. gallus	MIR-7441
G. gallus	MIR-7462
G. morhua	GMO-NOVEL-1
G. morhua	GMO-NOVEL-10
G. morhua	GMO-NOVEL-2
G. morhua	GMO-NOVEL-3
G. morhua	GMO-NOVEL-4
G. morhua	GMO-NOVEL-5
G. morhua	GMO-NOVEL-6
G. morhua	GMO-NOVEL-7
G. morhua	GMO-NOVEL-8
G. morhua	GMO-NOVEL-9
G. morhua	MIR-11183
G. morhua	MIR-11187
G. morhua	MIR-11217
G. morhua	MIR-11223
G. morhua	MIR-11228
G. morhua	MIR-11230
G. morhua	MIR-11236
G. morhua	MIR-11272
G. morhua	MIR-11275
G. morhua	MIR-11278
G. morhua	MIR-11935
G. morhua	MIR-11937
Acanthomorpha	MIR-8160
H. melpomene	HME-NOVEL-1
H. melpomene	HME-NOVEL-2
H. melpomene	HME-NOVEL-3
H. melpomene	HME-NOVEL-4
H. melpomene	HME-NOVEL-5
H. melpomene	HME-NOVEL-6
H. melpomene	HME-NOVEL-7
H. melpomene	MIR-10485
H. melpomene	MIR-2755
H. melpomene	MIR-2756
H. melpomene	MIR-2763
H. melpomene	MIR-2766
H. melpomene	MIR-2767
H. melpomene	MIR-2786
H. melpomene	MIR-3327
H. melpomene	MIR-3338
H. melpomene	MIR-6301
H. melpomene	MIR-6302
H. melpomene	MIR-6304
H. melpomene	MIR-6305
H. melpomene	MIR-6307
Catarrhini	MIR-1180
Catarrhini	MIR-1323
Catarrhini	MIR-3140
Catarrhini	MIR-3145
Catarrhini	MIR-3146
Catarrhini	MIR-3173
Catarrhini	MIR-3200
Catarrhini	MIR-3617
Catarrhini	MIR-3934
Catarrhini	MIR-4524
Catarrhini	MIR-4677
Catarrhini	MIR-4766
Catarrhini	MIR-498
Catarrhini	MIR-550
Catarrhini	MIR-576
Catarrhini	MIR-577
Catarrhini	MIR-579
Catarrhini	MIR-584
Catarrhini	MIR-589
Catarrhini	MIR-597
Catarrhini	MIR-605
Catarrhini	MIR-624
Catarrhini	MIR-642
Catarrhini	MIR-651
Catarrhini	MIR-887
Catarrhini	MIR-934
Catarrhini	MIR-944
H. sapiens	MIR-1252
H. sapiens	MIR-1266
H. sapiens	MIR-1269
H. sapiens	MIR-1270
H. sapiens	MIR-1276
H. sapiens	MIR-1278
H. sapiens	MIR-1286
H. sapiens	MIR-1287
H. sapiens	MIR-1294
H. sapiens	MIR-1295
H. sapiens	MIR-1908
H. sapiens	MIR-1910
H. sapiens	MIR-1913
H. sapiens	MIR-1914
H. sapiens	MIR-2115
H. sapiens	MIR-2116
H. sapiens	MIR-2276
H. sapiens	MIR-2277
H. sapiens	MIR-2467
H. sapiens	MIR-3126
H. sapiens	MIR-3127
H. sapiens	MIR-3136
H. sapiens	MIR-3138
H. sapiens	MIR-3144
H. sapiens	MIR-3174
H. sapiens	MIR-3180
H. sapiens	MIR-3187
H. sapiens	MIR-3194
H. sapiens	MIR-3611
H. sapiens	MIR-3619
H. sapiens	MIR-3622
H. sapiens	MIR-3663
H. sapiens	MIR-3690
H. sapiens	MIR-3909
H. sapiens	MIR-3924
H. sapiens	MIR-3942
H. sapiens	MIR-3944
H. sapiens	MIR-4424
H. sapiens	MIR-4637
H. sapiens	MIR-4661
H. sapiens	MIR-4662
H. sapiens	MIR-4664
H. sapiens	MIR-4731
H. sapiens	MIR-5000
H. sapiens	MIR-552
H. sapiens	MIR-556
H. sapiens	MIR-5579
H. sapiens	MIR-5581
H. sapiens	MIR-5586
H. sapiens	MIR-561
H. sapiens	MIR-5683
H. sapiens	MIR-5687
H. sapiens	MIR-580
H. sapiens	MIR-585
H. sapiens	MIR-616
H. sapiens	MIR-629
H. sapiens	MIR-7151
H. sapiens	MIR-766
H. sapiens	MIR-7854
Cnidaria	MIR-2022
Cnidaria	MIR-2030
H. vulgaris	HVU-NOVEL-1
H. vulgaris	HVU-NOVEL-10
H. vulgaris	HVU-NOVEL-11
H. vulgaris	HVU-NOVEL-12
H. vulgaris	HVU-NOVEL-13
H. vulgaris	HVU-NOVEL-14
H. vulgaris	HVU-NOVEL-15
H. vulgaris	HVU-NOVEL-2
H. vulgaris	HVU-NOVEL-3
H. vulgaris	HVU-NOVEL-4
H. vulgaris	HVU-NOVEL-5
H. vulgaris	HVU-NOVEL-6
H. vulgaris	HVU-NOVEL-7
H. vulgaris	HVU-NOVEL-8
H. vulgaris	HVU-NOVEL-9
H. vulgaris	MIR-3003
H. vulgaris	MIR-3005
H. vulgaris	MIR-3007
H. vulgaris	MIR-3010
H. vulgaris	MIR-3011
H. vulgaris	MIR-3012
Chelicerata	MIR-3931
Chelicerata	MIR-5305
Chelicerata	MIR-5735
L. anatina	LAN-NOVEL-1
L. anatina	LAN-NOVEL-2
L. anatina	MIR-5045
L. gigantea	LGI-NOVEL-1
L. gigantea	LGI-NOVEL-2
L. gigantea	LGI-NOVEL-3
L. gigantea	MIR-1988
L. oculatus	LOC-NOVEL-1
L. oculatus	LOC-NOVEL-2
L. oculatus	LOC-NOVEL-3
L. oculatus	LOC-NOVEL-4
L. oculatus	LOC-NOVEL-5
L. oculatus	LOC-NOVEL-6
L. polyphemus	LPO-NOVEL-1
L. polyphemus	LPO-NOVEL-2
L. polyphemus	LPO-NOVEL-3
L. polyphemus	LPO-NOVEL-4
L. polyphemus	LPO-NOVEL-5
M. albus	MAL-NOVEL-1
M. albus	MAL-NOVEL-2
M. albus	MAL-NOVEL-3
M. albus	MAL-NOVEL-4
M. albus	MAL-NOVEL-5
M. albus	MAL-NOVEL-6
M. albus	MIR-10651
Marsupialia	MAR-NOVEL-1
Marsupialia	MAR-NOVEL-2
Marsupialia	MAR-NOVEL-3
Marsupialia	MIR-12316
Marsupialia	MIR-12355
Marsupialia	MIR-12358
Marsupialia	MIR-12366
Marsupialia	MIR-12380
Marsupialia	MIR-12404
Marsupialia	MIR-1540
Marsupialia	MIR-1541
Marsupialia	MIR-1542
Marsupialia	MIR-1546
Marsupialia	MIR-1547
Marsupialia	MIR-1549
Marsupialia	MIR-7246
Marsupialia	MIR-7247
Marsupialia	MIR-7251
Marsupialia	MIR-7254
Marsupialia	MIR-7262
Marsupialia	MIR-7281
Marsupialia	MIR-7284
Marsupialia	MIR-7286
Marsupialia	MIR-7292
Marsupialia	MIR-7293
Marsupialia	MIR-7303
Marsupialia	MIR-7304
Marsupialia	MIR-7309
Marsupialia	MIR-7319
Marsupialia	MIR-7323
Marsupialia	MIR-7327
Marsupialia	MIR-7332
Marsupialia	MIR-7333
Marsupialia	MIR-7336
Marsupialia	MIR-7363
Marsupialia	MIR-7368
Marsupialia	MIR-7370
Marsupialia	MIR-7371
Marsupialia	MIR-7373
Marsupialia	MIR-7376
Marsupialia	MIR-7377
Marsupialia	MIR-7378
Marsupialia	MIR-7379
Marsupialia	MIR-7383
Marsupialia	MIR-7385
Marsupialia	MIR-7392
Marsupialia	MIR-7394
Marsupialia	MIR-7397
Marsupialia	MIR-7398
M. domestica	MDO-NOVEL-4
M. domestica	MIR-12298
M. domestica	MIR-12325
M. domestica	MIR-12337
M. domestica	MIR-1544
M. domestica	MIR-7244
M. domestica	MIR-7248
M. domestica	MIR-7257
M. domestica	MIR-7270
M. domestica	MIR-7275
M. domestica	MIR-7277
M. domestica	MIR-7289
M. domestica	MIR-7296
M. domestica	MIR-7298
M. domestica	MIR-7301
M. domestica	MIR-7307
M. domestica	MIR-7313
M. domestica	MIR-7344
M. domestica	MIR-7357
M. domestica	MIR-7358
M. domestica	MIR-7359
M. domestica	MIR-7360
M. domestica	MIR-7361
M. domestica	MIR-7365
M. domestica	MIR-7382
M. domestica	MIR-7391
M. domestica	MIR-7393
M. domestica	MIR-7395
M. mulatta	MIR-7170
M. mulatta	MIR-7172
M. mulatta	MIR-7174
M. mulatta	MIR-7179
M. mulatta	MIR-7181
M. mulatta	MIR-7184
M. mulatta	MIR-7189
M. mulatta	MIR-7205
M. mulatta	MIR-7208
M. mulatta	MML-NOVEL-1
M. mulatta	MML-NOVEL-10
M. mulatta	MML-NOVEL-11
M. mulatta	MML-NOVEL-12
M. mulatta	MML-NOVEL-13
M. mulatta	MML-NOVEL-14
M. mulatta	MML-NOVEL-15
M. mulatta	MML-NOVEL-2
M. mulatta	MML-NOVEL-3
M. mulatta	MML-NOVEL-4
M. mulatta	MML-NOVEL-5
M. mulatta	MML-NOVEL-6
M. mulatta	MML-NOVEL-7
M. mulatta	MML-NOVEL-8
M. mulatta	MML-NOVEL-9
M. musculus	MIR-1198
M. musculus	MIR-1929
M. musculus	MIR-1930
M. musculus	MIR-1933
M. musculus	MIR-1934
M. musculus	MIR-1941
M. musculus	MIR-1943
M. musculus	MIR-1947
M. musculus	MIR-1948
M. musculus	MIR-1953
M. musculus	MIR-1958
M. musculus	MIR-1960
M. musculus	MIR-1964
M. musculus	MIR-3057
M. musculus	MIR-3058
M. musculus	MIR-3060
M. musculus	MIR-3061
M. musculus	MIR-3066
M. musculus	MIR-3067
M. musculus	MIR-3073
M. musculus	MIR-3079
M. musculus	MIR-3080
M. musculus	MIR-3081
M. musculus	MIR-3086
M. musculus	MIR-3090
M. musculus	MIR-3091
M. musculus	MIR-3092
M. musculus	MIR-3093
M. musculus	MIR-3095
M. musculus	MIR-3098
M. musculus	MIR-3101
M. musculus	MIR-3105
M. musculus	MIR-3109
M. musculus	MIR-3110
M. musculus	MIR-5621
M. musculus	MIR-5626
M. musculus	MIR-701
M. musculus	MIR-7211
M. musculus	MIR-7220
M. musculus	MIR-7647
Muridae	MIR-1955
Muridae	MIR-1962
Muridae	MIR-298
Muridae	MIR-3068
Muridae	MIR-3072
Muridae	MIR-3075
Muridae	MIR-3099
Muridae	MIR-3112
Muridae	MIR-351
Muridae	MIR-540
Muridae	MIR-666
Muridae	MIR-667
Muridae	MIR-673
Muridae	MIR-674
Muridae	MIR-700
Muridae	MIR-879
Amphibia	AMP-NOVEL-1
Amphibia	AMP-NOVEL-2
Amphibia	XEN-NOVEL-2
Gymnophiona	MUN-NOVEL-3
N. vectensis	MIR-2023
N. vectensis	MIR-2024
N. vectensis	MIR-2025
N. vectensis	MIR-2026
N. vectensis	MIR-2027
N. vectensis	MIR-2028
N. vectensis	MIR-2029
N. vectensis	MIR-2032
N. vectensis	MIR-2036
N. vectensis	MIR-2037
N. vectensis	MIR-2042
N. vectensis	MIR-2043
N. vectensis	MIR-2045
N. vectensis	MIR-2050
N. vectensis	MIR-2051
N. vectensis	MIR-9414
N. vectensis	MIR-9421
N. vectensis	MIR-9422
N. vectensis	MIR-9424
N. vectensis	MIR-9425
N. vectensis	MIR-9435
N. vectensis	MIR-9442
N. vectensis	MIR-9448
O. anatinus	MIR-1327
O. anatinus	MIR-1332
O. anatinus	MIR-1338
O. anatinus	MIR-1339
O. anatinus	MIR-1340
O. anatinus	MIR-1350
O. anatinus	MIR-1355
O. anatinus	MIR-1360
O. anatinus	MIR-1361
O. anatinus	MIR-1362
O. anatinus	MIR-1363
O. anatinus	MIR-1365
O. anatinus	MIR-1374
O. anatinus	MIR-1375
O. anatinus	MIR-1376
O. anatinus	MIR-1380
O. anatinus	MIR-1381
O. anatinus	MIR-1389
O. anatinus	MIR-1390
O. anatinus	MIR-1391
O. anatinus	MIR-1395
O. anatinus	MIR-1398
O. anatinus	MIR-1400
O. anatinus	MIR-1401
O. anatinus	MIR-1405
O. anatinus	MIR-1409
O. anatinus	MIR-1419
O. anatinus	MIR-1421
O. anatinus	MIR-1422
O. anatinus	MIR-7406
O. anatinus	MIR-7414
O. anatinus	MIR-7416
O. anatinus	MIR-7419
O. anatinus	MIR-7422
O. anatinus	MIR-7423
O. anatinus	MIR-7428
O. anatinus	MIR-7432
O. anatinus	MIR-7433
O. anatinus	MIR-7435
O. anatinus	OAN-NOVEL-1
O. anatinus	OAN-NOVEL-10
O. anatinus	OAN-NOVEL-11
O. anatinus	OAN-NOVEL-12
O. anatinus	OAN-NOVEL-13
O. anatinus	OAN-NOVEL-2
O. anatinus	OAN-NOVEL-3
O. anatinus	OAN-NOVEL-4
O. anatinus	OAN-NOVEL-5
O. anatinus	OAN-NOVEL-6
O. anatinus	OAN-NOVEL-7
O. anatinus	OAN-NOVEL-8
O. anatinus	OAN-NOVEL-9
O. cuniculus	MIR-12090
O. cuniculus	MIR-12091
O. cuniculus	MIR-12092
O. cuniculus	MIR-12093
O. cuniculus	MIR-12094
O. cuniculus	MIR-12095
O. cuniculus	OCU-NOVEL-1
Serpentes	MIR-9650
P. flava	PFL-NOVEL-1
P. flava	PFL-NOVEL-2
P. flava	PFL-NOVEL-3
Enteropneusta	MIR-4818
Enteropneusta	MIR-4819
Enteropneusta	MIR-4820
Enteropneusta	MIR-4824
Enteropneusta	MIR-4825
Enteropneusta	MIR-4826
Enteropneusta	MIR-4828
Enteropneusta	MIR-4829
Enteropneusta	MIR-4830
Enteropneusta	MIR-4831
Enteropneusta	MIR-4834
Enteropneusta	MIR-4835
Enteropneusta	MIR-4838
Enteropneusta	MIR-4839
Ambulacraria	MIR-2006
Ambulacraria	MIR-2007
Ambulacraria	MIR-2008
Ambulacraria	MIR-2009
Ambulacraria	MIR-2011
Ambulacraria	MIR-2012
P. marinus	MIR-4571
Eleutherozoa	MIR-2002
Eleutherozoa	MIR-2004
Eleutherozoa	MIR-2005
Eleutherozoa	MIR-2010
R. norvegicus	MIR-3558
R. norvegicus	MIR-3559
R. norvegicus	MIR-3580
R. norvegicus	MIR-3593
R. norvegicus	MIR-6324
R. norvegicus	MIR-6329
S. harrisii	SHA-NOVEL-10
S. harrisii	SHA-NOVEL-11
S. harrisii	SHA-NOVEL-12
S. harrisii	SHA-NOVEL-13
S. harrisii	SHA-NOVEL-15
S. harrisii	SHA-NOVEL-16
S. harrisii	SHA-NOVEL-17
S. harrisii	SHA-NOVEL-18
S. harrisii	SHA-NOVEL-4
S. harrisii	SHA-NOVEL-5
S. harrisii	SHA-NOVEL-6
S. harrisii	SHA-NOVEL-7
S. harrisii	SHA-NOVEL-8
S. harrisii	SHA-NOVEL-9
S. kowalevskii	MIR-4823
S. purpuratus	MIR-4847
S. purpuratus	SPU-NOVEL-1
S. purpuratus	SPU-NOVEL-2
S. purpuratus	SPU-NOVEL-3
S. purpuratus	SPU-NOVEL-4
S. torazame	STO-NOVEL-3
S. torazame	STO-NOVEL-4
T. castaneum	MIR-11617
T. castaneum	MIR-11618
T. castaneum	MIR-11619
T. castaneum	MIR-11621
T. castaneum	MIR-11622
T. castaneum	MIR-11624
T. castaneum	MIR-11626
T. castaneum	MIR-11630
T. castaneum	MIR-11634
T. castaneum	MIR-11635
T. castaneum	MIR-11636
T. castaneum	MIR-3809
T. castaneum	MIR-3811
T. castaneum	MIR-3814
T. castaneum	MIR-3816
T. castaneum	MIR-3820
T. castaneum	MIR-3821
T. castaneum	MIR-3822
T. castaneum	MIR-3824
T. castaneum	MIR-3825
T. castaneum	MIR-3840
T. castaneum	MIR-3841
T. castaneum	MIR-3842
T. castaneum	MIR-3843
T. castaneum	MIR-3849
T. castaneum	MIR-3851
T. castaneum	MIR-3853
T. castaneum	MIR-3862
T. castaneum	MIR-3863
T. castaneum	MIR-3893
T. guttata	MIR-2958
T. guttata	MIR-2962
T. guttata	MIR-2965
T. guttata	MIR-2987
T. guttata	MIR-2997
T. guttata	MIR-7643
T. nigroviridis	TNI-NOVEL-1
T. nigroviridis	TNI-NOVEL-2
T. nigroviridis	TNI-NOVEL-3
X. laevis	XLA-NOVEL-13
X. laevis	XLA-NOVEL-14
X. laevis	XLA-NOVEL-15
X. laevis	XLA-NOVEL-16
X. laevis	XLA-NOVEL-17
X. laevis	XLA-NOVEL-18
X. laevis	XLA-NOVEL-19
X. laevis	XLA-NOVEL-20
X. laevis	XLA-NOVEL-21
X. laevis	XLA-NOVEL-22
X. laevis	XLA-NOVEL-23
X. laevis	XLA-NOVEL-24
Xenopus	XEN-NOVEL-10
Xenopus	XEN-NOVEL-11
Xenopus	XEN-NOVEL-12
Xenopus	XEN-NOVEL-3
Xenopus	XEN-NOVEL-4
Xenopus	XEN-NOVEL-5
Xenopus	XEN-NOVEL-6
Xenopus	XEN-NOVEL-7
Xenopus	XEN-NOVEL-8
Xenopus	XEN-NOVEL-9
